track_id,track_name,track_name_limpo,artists_name,artist_count,tipo_colaboracao,main_music_genre_tratado,main_country_tratado,released_year,released_month,released_day,faixa_lancamento,in_spotify_playlists,in_spotify_charts,streams_tratado,rn,log_streams,faixa_streams,streams_por_playlist,taxa_charts,presenca_spotify
6909746,White Christmas,White Christmas,"Bing Crosby, John Scott Trotter & His Orchestra, Ken Darby Singers",3,Colaboração (3+),Christmas traditional,United States,1942,1,1,Até 1999,11940,0,395591396,1,19.795892408234653,Alto (300M–700M),33131.607705192633,0.0,11940
3087104,The Christmas Song (Merry Christmas To You) - Remastered 1999,The Christmas Song,Nat King Cole,1,Solo,Christmas jazz,United States,1946,11,1,Até 1999,11500,0,389771964,1,19.781072418387453,Alto (300M–700M),33893.214260869565,0.0,11500
8753775,Let It Snow! Let It Snow! Let It Snow!,Let It Snow! Let It Snow! Let It Snow!,"Frank Sinatra, B. Swanson Quartet",2,Dupla,Christmas pop,United States,1950,1,1,Até 1999,10585,0,473248298,1,19.975130751639419,Alto (300M–700M),44709.333774208782,0.0,10585
4002890,A Holly Jolly Christmas - Single Version,A Holly Jolly Christmas,Burl Ives,1,Solo,Christmas traditional,United States,1952,1,1,Até 1999,7930,0,395591396,1,19.795892408234653,Alto (300M–700M),49885.421941992434,0.0,7930
6372609,Jingle Bell Rock,Jingle Bell Rock,Bobby Helms,1,Solo,Christmas rock,United States,1957,1,1,Até 1999,10326,0,741301563,1,20.423918068082841,Hit (700M+),71789.808541545615,0.0,10326
3092002,Jingle Bells - Remastered 1999,Jingle Bells,Frank Sinatra,1,Solo,Christmas traditional,United States,1957,1,1,Até 1999,4326,0,178660459,1,19.000997685360382,Médio (100M–300M),41299.227693018955,0.0,4326
8576945,Rockin' Around The Christmas Tree,Rockin' Around The Christmas Tree,Brenda Lee,1,Solo,Christmas rock,United States,1958,1,1,Até 1999,14994,0,769213520,1,20.460879148227498,Hit (700M+),51301.421902094175,0.0,14994
8597238,Run Rudolph Run - Single Version,Run Rudolph Run,Chuck Berry,1,Solo,Rock,United States,1958,1,1,Até 1999,8612,0,245350949,1,19.31820018843646,Médio (100M–300M),28489.427426846261,0.0,8612
1291434,It's Beginning to Look a Lot Like Christmas (with Mitchell Ayres & His Orchestra),It's Beginning to Look a Lot Like Christmas,"Perry Como, The Fontane Sisters, Mitchell Ayres & His Orchestra",3,Colaboração (3+),Christmas pop,United States,1958,1,1,Até 1999,6290,0,295998468,1,19.505864836599265,Médio (100M–300M),47058.5799682035,0.0,6290
4277985,Let It Snow! Let It Snow! Let It Snow!,Let It Snow! Let It Snow! Let It Snow!,Dean Martin,1,Solo,Christmas pop,United States,1959,11,16,Até 1999,6512,0,446390129,1,19.916703856331694,Alto (300M–700M),68548.852733415231,0.0,6512
8167749,Deck The Hall - Remastered 1999,Deck The Hall,Nat King Cole,1,Solo,Christmas traditional,United States,1959,1,1,Até 1999,3299,0,127027715,1,18.659915848960981,Médio (100M–300M),38504.9151257957,0.0,3299
5350503,It's the Most Wonderful Time of the Year,It's the Most Wonderful Time of the Year,Andy Williams,1,Solo,Christmas pop,United States,1963,10,14,Até 1999,8879,0,663832097,1,20.313539809500863,Alto (300M–700M),74764.286180876225,0.0,8879
3867590,Christmas (Baby Please Come Home),Christmas,Darlene Love,1,Solo,Christmas rock,United States,1963,11,22,Até 1999,9122,0,242767149,1,19.30761330733668,Médio (100M–300M),26613.368669151503,0.0,9122
6900582,Sleigh Ride,Sleigh Ride,The Ronettes,1,Solo,Christmas pop,United States,1963,11,22,Até 1999,10114,0,404664135,1,19.818567984718115,Alto (300M–700M),40010.2961241843,0.0,10114
6250958,Have You Ever Seen The Rain?,Have You Ever Seen The Rain?,Creedence Clearwater Revival,1,Solo,Rock,United States,1968,7,1,Até 1999,15890,14,1145727611,1,20.859305740250516,Hit (700M+),72103.688546255507,0.000881057268722467,15904
4061483,Love Grows (Where My Rosemary Goes),Love Grows,Edison Lighthouse,1,Solo,Pop rock,United Kingdom,1970,1,1,Até 1999,0,0,,1,,Sem dados,,,0
2148200,Happy Xmas (War Is Over),Happy Xmas,"John Lennon, The Harlem Community Choir, The Plastic Ono Band, Yoko Ono",4,Colaboração (3+),Christmas rock,United Kingdom,1971,12,1,Até 1999,10829,0,460492795,1,19.947807767500318,Alto (300M–700M),42524.036845507435,0.0,10829
1534505,Dream On,Dream On,Aerosmith,1,Solo,Rock,United States,1973,1,5,Até 1999,168,0,838586769,1,20.547228615090184,Hit (700M+),4991587.9107142854,0.0,168
3739389,Bohemian Rhapsody - Remastered 2011,Bohemian Rhapsody,Queen,1,Solo,Rock,United Kingdom,1975,10,31,Até 1999,40112,3,2197010679,1,21.510363491056232,Hit (700M+),54771.905639210214,7.4790586358197044e-05,40115
8502696,Riptide,Riptide,Vance Joy,1,Solo,Indie folk,Australia,1975,1,1,Até 1999,31123,55,2009094673,1,21.420950046108906,Hit (700M+),64553.37444976384,0.0017671818269447033,31178
8476304,Wonderful Christmastime - Edited Version / Remastered 2011,Wonderful Christmastime,Paul McCartney,1,Solo,Christmas pop,United Kingdom,1979,11,16,Até 1999,1685,0,403939487,1,19.816775640053116,Alto (300M–700M),239726.69851632047,0.0,1685
8729578,Pass The Dutchie,Pass The Dutchie,Musical Youth,1,Solo,Reggae,United Kingdom,1982,1,1,Até 1999,5328,0,195918494,1,19.0932092837677,Médio (100M–300M),36771.489114114112,0.0,5328
7807270,Miss You,Miss You,Southstar,1,Solo,Dance,Germany,1982,5,16,Até 1999,2020,0,154356956,1,18.854778374304498,Médio (100M–300M),76414.334653465354,0.0,2020
6552512,Every Breath You Take - Remastered 2003,Every Breath You Take,The Police,1,Solo,Rock,United Kingdom,1983,1,6,Até 1999,22439,19,1593270737,1,21.189054807608262,Hit (700M+),71004.533936449938,0.000846740050804403,22458
3891081,Do They Know It's Christmas? - 1984 Version,Do They Know It's Christmas?,Band Aid,1,Solo,Christmas pop,United Kingdom,1984,11,25,Até 1999,14169,0,481697415,1,19.992826705175421,Alto (300M–700M),33996.57103535888,0.0,14169
4738813,Merry Christmas Everyone,Merry Christmas Everyone,Shakin' Stevens,1,Solo,Christmas pop,United Kingdom,1984,1,1,Até 1999,1087,0,351636786,1,19.678109342875906,Alto (300M–700M),323492.90340386383,0.0,1087
7224008,Last Christmas,Last Christmas,Wham!,1,Solo,Christmas pop,United Kingdom,1984,1,1,Até 1999,22153,0,1159176109,1,20.870975338854979,Hit (700M+),52325.920146255587,0.0,22153
7451979,Take On Me,Take On Me,a-ha,1,Solo,Synth-pop,Norway,1984,10,19,Até 1999,44927,17,1479115056,1,21.114709810752796,Hit (700M+),32922.631290760568,0.00037839161306118814,44944
1832626,Running Up That Hill (A Deal With God),Running Up That Hill,Kate Bush,1,Solo,Synth-pop,United Kingdom,1985,9,16,Até 1999,21811,0,1024858327,1,20.747820222422881,Hit (700M+),46988.1402503324,0.0,21811
8965193,Everybody Wants To Rule The World,Everybody Wants To Rule The World,Tears For Fears,1,Solo,New wave,United Kingdom,1985,2,17,Até 1999,41751,25,1205951614,1,20.910534813385173,Hit (700M+),28884.376757442937,0.000598788052980767,41776
6593931,Driving Home for Christmas - 2019 Remaster,Driving Home for Christmas,Chris Rea,1,Solo,Christmas pop,United Kingdom,1986,1,1,Até 1999,888,0,429504768,1,19.878143400607524,Alto (300M–700M),483676.54054054053,0.0,888
1024668,Master of Puppets (Remastered),Master of Puppets,Metallica,1,Solo,Grunge,United States,1986,3,3,Até 1999,6080,0,704171068,1,20.37253187892216,Hit (700M+),115817.60986842106,0.0,6080
7080917,Sweet Child O' Mine,Sweet Child O' Mine,Guns N' Roses,1,Solo,Rock,United States,1987,1,1,Até 1999,41231,1,1553497987,1,21.163774991012822,Hit (700M+),37677.911935194395,2.425359559554704e-05,41232
8217918,Something In The Way - Remastered 2021,Something In The Way,Nirvana,1,Solo,Main genre,United States,1991,9,24,Até 1999,9514,0,368646862,1,19.725349730224821,Alto (300M–700M),38747.830775698967,0.0,9514
5615333,Smells Like Teen Spirit - Remastered 2021,Smells Like Teen Spirit,Nirvana,1,Solo,Main genre,United States,1991,9,10,Até 1999,49991,9,1690192927,1,21.24810851735403,Hit (700M+),33809.944329979393,0.00018003240583304995,50000
6316146,Creep,Creep,Radiohead,1,Solo,Alternative rock,United Kingdom,1992,9,21,Até 1999,36724,7,1271293243,1,20.96330052087437,Hit (700M+),34617.504710815818,0.00019061104454852414,36731
4490744,All I Want for Christmas Is You,All I Want for Christmas Is You,Mariah Carey,1,Solo,Christmas pop,United States,1994,10,28,Até 1999,25653,0,1449779435,1,21.094677268015314,Hit (700M+),56515.005457451371,0.0,25653
5939675,Gangsta's Paradise,Gangsta's Paradise,"Coolio, L.V.",2,Dupla,Heavy metal,United States,1995,7,11,Até 1999,10624,17,1357608774,1,21.028990734739068,Hit (700M+),127786.9704442771,0.0016001506024096385,10641
2828618,California Love - Original Version (Explicit),California Love,"Dr. Dre, 2Pac, Roger",3,Colaboração (3+),Heavy metal,United States,1995,12,28,Até 1999,18773,0,579395142,1,20.177495258728648,Alto (300M–700M),30863.215362488681,0.0,18773
2102834,Sigue,Sigue,"Ed Sheeran, J Balvin",2,Dupla,Reggaeton,United Kingdom,1996,11,24,Até 1999,1370,0,106933107,1,18.487714028702744,Médio (100M–300M),78053.362773722634,0.0,1370
8262886,Iris,Iris,The Goo Goo Dolls,1,Solo,Alternative rock,United States,1998,3,31,Até 1999,13101,9,1284942608,1,20.973979891261152,Hit (700M+),98079.734982062437,0.00068697046027020841,13110
4527090,Yellow,Yellow,Chris Molitor,1,Solo,Pop,United States,1999,1,1,Até 1999,31358,43,1755214421,1,21.28585686360919,Hit (700M+),55973.4173416672,0.0013712609222526946,31401
3333614,The Next Episode,The Next Episode,"Dr. Dre, Snoop Dogg",2,Dupla,Heavy metal,United States,1999,1,1,Até 1999,31762,0,843309044,1,20.552844049021928,Hit (700M+),26550.879793463886,0.0,31762
2285737,Still D.R.E.,Still D.R.E.,"Dr. Dre, Snoop Dogg",2,Dupla,Heavy metal,United States,1999,1,1,Até 1999,33966,0,1210599487,1,20.914381517664957,Hit (700M+),35641.508773479363,0.0,33966
5694303,Stan,Stan,"Eminem, Dido",2,Dupla,Heavy metal,United States,1999,11,21,Até 1999,17115,0,918915401,1,20.63870462058749,Hit (700M+),53690.6456909144,0.0,17115
3363172,Forgot About Dre,Forgot About Dre,"Eminem, Dr. Dre",2,Dupla,Heavy metal,United States,1999,1,1,Até 1999,19067,0,675039469,1,20.330281719719942,Alto (300M–700M),35403.549011380921,0.0,19067
7699876,My Only Wish (This Year),My Only Wish,Britney Spears,1,Solo,Christmas pop,United States,2000,11,7,2000–2009,6952,0,261116938,1,19.380478903261949,Médio (100M–300M),37559.973820483312,0.0,6952
2059327,Sparks,Sparks,Coldplay,1,Solo,Alternative rock,United Kingdom,2000,7,10,2000–2009,10826,4,624101957,1,20.251824305614786,Alto (300M–700M),57648.434971365234,0.00036948087936449289,10830
2670198,The Real Slim Shady,The Real Slim Shady,Eminem,1,Solo,Heavy metal,United States,2000,1,1,2000–2009,20763,27,1424589568,1,21.077149586724452,Hit (700M+),68611.933150315468,0.0013003901170351106,20790
4552573,In The End,In The End,Linkin Park,1,Solo,Alternative rock,United States,2000,10,24,2000–2009,25065,6,1624165576,1,21.208260029153795,Hit (700M+),64798.1478555755,0.00023937761819269897,25071
4918126,In Da Club,In Da Club,50 Cent,1,Solo,Heavy metal,United States,2002,1,1,2000–2009,30427,7,1202722675,1,20.907853719516275,Hit (700M+),39528.138659742988,0.00023005882932921419,30434
7890756,The Scientist,The Scientist,Coldplay,1,Solo,Alternative rock,United Kingdom,2002,8,5,2000–2009,30992,6,1608164312,1,21.19835918656235,Hit (700M+),51889.659008776456,0.00019359834796076406,30998
1663974,Without Me,Without Me,Eminem,1,Solo,Heavy metal,United States,2002,1,1,2000–2009,21081,43,1687664027,1,21.246611177172415,Hit (700M+),80056.165599354863,0.0020397514349414165,21124
6766942,Lose Yourself - Soundtrack Version,Lose Yourself,Eminem,1,Solo,Heavy metal,United States,2002,1,1,2000–2009,32502,21,1829992958,1,21.327577955704903,Hit (700M+),56304.010768568085,0.00064611408528705925,32523
4238748,Superman,Superman,"Eminem, Dina Rae",2,Dupla,Heavy metal,United States,2002,5,26,2000–2009,7615,14,655466831,1,20.300858258819865,Alto (300M–700M),86075.749310571235,0.0018384766907419566,7629
1486311,Till I Collapse,Till I Collapse,"Eminem, Nate Dogg",2,Dupla,Heavy metal,United States,2002,5,26,2000–2009,22923,0,1695712020,1,21.251368560370249,Hit (700M+),73974.26253108232,0.0,22923
3049716,Numb,Numb,Linkin Park,1,Solo,Alternative rock,United States,2003,3,24,2000–2009,20111,5,1361425037,1,21.031797809436316,Hit (700M+),67695.541594152455,0.00024862015812242055,20116
1512850,Mr. Brightside,Mr. Brightside,The Killers,1,Solo,Indie rock,United States,2003,9,23,2000–2009,51979,15,1806617704,1,21.314722262255604,Hit (700M+),34756.684507204831,0.00028857807960907292,51994
7806612,Gasolina,Gasolina,Daddy Yankee,1,Solo,Reggaeton,Puerto Rico,2004,7,13,2000–2009,6457,18,657723613,1,20.304295360014212,Alto (300M–700M),101862.10515719374,0.002787672293634815,6475
2394886,Mockingbird,Mockingbird,Eminem,1,Solo,Heavy metal,United States,2004,1,1,2000–2009,12985,61,1241559043,1,20.939633719574651,Hit (700M+),95614.866615325373,0.0046977281478629189,13046
3412305,Somewhere Only We Know,Somewhere Only We Know,Keane,1,Solo,Alternative rock,United Kingdom,2004,1,1,2000–2009,20015,16,1089402494,1,20.808895212244806,Hit (700M+),54429.302722957778,0.00079940044966275291,20031
1840761,Yo Voy (feat. Daddy Yankee),Yo Voy,Zion & Lennox,1,Solo,Reggaeton,Puerto Rico,2004,5,4,2000–2009,2954,2,527033089,1,20.082773892010866,Alto (300M–700M),178413.36797562626,0.0006770480704129993,2956
2616615,You Make It Feel Like Christmas (feat. Blake Shelton),You Make It Feel Like Christmas,"Gwen Stefani, Blake Shelton",2,Dupla,Christmas pop,United States,2005,9,20,2000–2009,2577,0,180577478,1,19.011670484636877,Médio (100M–300M),70072.750485060154,0.0,2577
3126367,Viva La Vida,Viva La Vida,Coldplay,1,Solo,Alternative rock,United Kingdom,2008,1,1,2000–2009,33898,62,1592909789,1,21.188828236641175,Hit (700M+),46991.261696855268,0.0018290164611481504,33960
8455676,Heartless,Heartless,Kanye West,1,Solo,Heavy metal,United States,2008,1,1,2000–2009,17504,34,887906111,1,20.604376564510687,Hit (700M+),50725.897566270563,0.0019424131627056673,17538
2237089,Rolling in the Deep,Rolling in the Deep,Adele,1,Solo,Pop,United Kingdom,2010,11,29,2010–2015,35684,6,1472799873,1,21.110431101652829,Hit (700M+),41273.396284048875,0.00016814258491200539,35690
5046895,Talking To The Moon,Talking To The Moon,Bruno Mars,1,Solo,Pop,United States,2010,10,4,2010–2015,7109,2,1062956628,1,20.784320133968645,Hit (700M+),149522.66535377692,0.00028133352088901393,7111
2008299,Just The Way You Are,Just The Way You Are,Bruno Mars,1,Solo,Pop,United States,2010,1,1,2010–2015,21106,13,1641426668,1,21.218831620134033,Hit (700M+),77770.618212830479,0.00061593859566000191,21119
3766692,Danza Kuduro,Danza Kuduro,"Don Omar, Lucenzo",2,Dupla,Reggaeton,Puerto Rico,2010,1,1,2010–2015,17138,37,1279434863,1,20.969684304101,Hit (700M+),74654.852549889139,0.0021589450344264207,17175
3451143,Sure Thing,Sure Thing,Miguel,1,Solo,R&B,United States,2010,5,25,2010–2015,13801,19,950906471,1,20.672926267618497,Hit (700M+),68901.273168610976,0.0013767118324759075,13820
6057014,Es un Secreto,Es un Secreto,Plan B,1,Solo,Reggaeton,Puerto Rico,2010,7,20,2010–2015,492,36,540654286,1,20.108290604819079,Alto (300M–700M),1098890.825203252,0.073170731707317069,528
6735267,Enchanted,Enchanted,Taylor Swift,1,Solo,Pop,United States,2010,1,1,2010–2015,4564,16,621660989,1,20.247905468356503,Alto (300M–700M),136209.68207712533,0.0035056967572304996,4580
4350729,Set Fire to the Rain,Set Fire to the Rain,Adele,1,Solo,Pop,United Kingdom,2011,1,1,2010–2015,14739,43,1163620694,1,20.874802268889194,Hit (700M+),78948.4153606079,0.0029174299477576497,14782
3780370,Somebody That I Used To Know,Somebody That I Used To Know,"Gotye, Kimbra",2,Dupla,Indie pop,Australia,2011,1,1,2010–2015,42798,0,1457139296,1,21.099740964256767,Hit (700M+),34046.901630917331,0.0,42798
5666047,Mistletoe,Mistletoe,Justin Bieber,1,Solo,Christmas pop,Canada,2011,1,1,2010–2015,9577,0,629173063,1,20.259916916725285,Alto (300M–700M),65696.258013991857,0.0,9577
7921549,Bloody Mary,Bloody Mary,Lady Gaga,1,Solo,Pop,United States,2011,1,1,2010–2015,3909,0,372476382,1,19.735684189746923,Alto (300M–700M),95286.8718342287,0.0,3909
1216337,Summertime Sadness,Summertime Sadness,Lana Del Rey,1,Solo,Indie pop,United States,2011,1,1,2010–2015,20333,52,983637508,1,20.706768000966807,Hit (700M+),48376.408203413172,0.0025574189740815425,20385
4458161,Radio,Radio,Lana Del Rey,1,Solo,Indie pop,United States,2011,1,1,2010–2015,9389,46,284819874,1,19.467367517370793,Médio (100M–300M),30335.485568218126,0.0048993503035467036,9435
3605651,Can't Hold Us (feat. Ray Dalton),Can't Hold Us,"Ray Dalton, Ryan Lewis, Macklemore",3,Colaboração (3+),Heavy metal,United States,2011,8,16,2010–2015,6074,52,1953533826,1,21.392905787896893,Hit (700M+),321622.2960158051,0.0085610800131708919,6126
4242212,We Found Love,We Found Love,"Rihanna, Calvin Harris",2,Dupla,EDM,Barbados,2011,1,1,2010–2015,36843,21,1235005533,1,20.93434128717826,Hit (700M+),33520.764677143554,0.00056998615747903261,36864
8274842,MONTAGEM - FR PUNK,MONTAGEM,"Ayparia, unxbected",2,Dupla,Brazilian funk,Brazil,2012,6,20,2010–2015,641,50,58054811,1,17.876898139504398,Baixo (até 100M),90569.127925117,0.078003120124805,691
3369956,Locked Out Of Heaven,Locked Out Of Heaven,Bruno Mars,1,Solo,Pop,United States,2012,12,5,2010–2015,1622,9,1481349984,1,21.116219660316546,Hit (700M+),913286.0567200986,0.0055487053020961772,1631
3509026,When I Was Your Man,When I Was Your Man,Bruno Mars,1,Solo,Pop,United States,2012,12,5,2010–2015,2420,11,1661187319,1,21.2307984360534,Hit (700M+),686441.04090909089,0.0045454545454545452,2431
3115886,Lost,Lost,Frank Ocean,1,Solo,R&B,United States,2012,1,1,2010–2015,29499,11,822239726,1,20.5275425479721,Hit (700M+),27873.47794840503,0.00037289399640665788,29510
8580552,Demons,Demons,Imagine Dragons,1,Solo,Pop rock,United States,2012,1,1,2010–2015,26694,13,1840364617,1,21.333229550348971,Hit (700M+),68943.006555780332,0.00048700082415524087,26707
7811952,Money Trees,Money Trees,"Kendrick Lamar, Jay Rock",2,Dupla,Heavy metal,United States,2012,1,1,2010–2015,26792,32,1093605526,1,20.812745896397093,Hit (700M+),40818.360928635411,0.0011943863839952225,26824
1967014,Payphone,Payphone,"Maroon 5, Wiz Khalifa",2,Dupla,Pop rock,United States,2012,1,1,2010–2015,14143,4,1479264469,1,21.114810820781337,Hit (700M+),104593.40090504136,0.00028282542600579792,14147
1729982,Lover,Lover,Taylor Swift,1,Solo,Pop,United States,2012,1,1,2010–2015,8448,23,882831184,1,20.598644555692168,Hit (700M+),104501.79734848485,0.002722537878787879,8471
8895699,Sweater Weather,Sweater Weather,The Neighbourhood,1,Solo,Indie rock,United States,2012,5,14,2010–2015,16413,61,2282771485,1,21.548656105309981,Hit (700M+),139083.13440565404,0.0037165661365990373,16474
2391919,Another Love,Another Love,Tom Odell,1,Solo,Indie pop,United Kingdom,2012,10,15,2010–2015,18371,83,1813673666,1,21.318620274991698,Hit (700M+),98724.819879157367,0.00451799031081596,18454
2664577,Do I Wanna Know?,Do I Wanna Know?,Arctic Monkeys,1,Solo,Indie rock,United Kingdom,2013,1,1,2010–2015,33783,26,1788326445,1,21.304546072536212,Hit (700M+),52935.690880028415,0.00076961785513423914,33809
1406287,I Wanna Be Yours,I Wanna Be Yours,Arctic Monkeys,1,Solo,Indie rock,United Kingdom,2013,1,1,2010–2015,12859,110,1297026226,1,20.983339962585152,Hit (700M+),100865.24815304457,0.00855431993156544,12969
5999455,Why'd You Only Call Me When You're High?,Why'd You Only Call Me When You're High?,Arctic Monkeys,1,Solo,Indie rock,United Kingdom,2013,1,1,2010–2015,23389,29,1267333350,1,20.960180805495511,Hit (700M+),54185.0164607294,0.0012398990978665185,23418
1236328,Santa Tell Me,Santa Tell Me,Ariana Grande,1,Solo,Christmas pop,United States,2013,12,13,2010–2015,9408,0,834129063,1,20.541898700148757,Hit (700M+),88661.677614795917,0.0,9408
7405938,Wake Me Up - Radio Edit,Wake Me Up,Avicii,1,Solo,EDM,Sweden,2013,1,1,2010–2015,50887,34,1970673297,1,21.401641096431398,Hit (700M+),38726.458565055909,0.00066814707096114919,50921
7256696,Take Me To Church,Take Me To Church,Hozier,1,Solo,Indie rock,Ireland,2013,9,13,2010–2015,23804,31,2135158446,1,21.481806694456445,Hit (700M+),89697.464543774156,0.00130230213409511,23835
4152167,All of Me,All of Me,John Legend,1,Solo,R&B,United States,2013,8,1,2010–2015,27221,0,2086124197,1,21.458573730103566,Hit (700M+),76636.574593145,0.0,27221
3968436,Bound 2,Bound 2,Kanye West,1,Solo,Heavy metal,United States,2013,1,1,2010–2015,19806,7,703301727,1,20.371296556841845,Hit (700M+),35509.52877915783,0.00035342825406442491,19813
4278371,Underneath the Tree,Underneath the Tree,Kelly Clarkson,1,Solo,Christmas pop,United States,2013,10,25,2010–2015,6596,0,485285717,1,20.000248382662715,Alto (300M–700M),73572.728471801092,0.0,6596
4722538,Thinking with My Dick,Thinking with My Dick,"Kevin Gates, Juicy J",2,Dupla,Heavy metal,United States,2013,7,16,2010–2015,1550,0,109091573,1,18.50769820675681,Médio (100M–300M),70381.66,0.0,1550
7325433,Counting Stars,Counting Stars,OneRepublic,1,Solo,Pop rock,United States,2013,1,1,2010–2015,29215,43,2011464183,1,21.422128743080748,Hit (700M+),68850.391340065034,0.0014718466541160363,29258
5906167,Get Lucky - Radio Edit,Get Lucky,"Pharrell Williams, Nile Rodgers, Daft Punk",3,Colaboração (3+),Funk,France,2013,1,1,2010–2015,52898,0,933815613,1,20.654789560215693,Hit (700M+),17653.13647018791,0.0,52898
8126826,Ginseng Strip 2002,Ginseng Strip 2002,Yung Lean,1,Solo,Cloud rap,Sweden,2013,8,16,2010–2015,4310,0,240769997,1,19.299352666459988,Médio (100M–300M),55863.108352668212,0.0,4310
7456153,The Nights,The Nights,Avicii,1,Solo,EDM,Sweden,2014,1,1,2010–2015,17354,8,1456081449,1,21.09901472540356,Hit (700M+),83904.658810648849,0.00046098882102109026,17362
5324238,Photograph,Photograph,Ed Sheeran,1,Solo,Pop,United Kingdom,2014,6,20,2010–2015,18778,3,2236667932,1,21.528253064984533,Hit (700M+),119111.08382149323,0.00015976142294174032,18781
3181974,Thinking Out Loud,Thinking Out Loud,Ed Sheeran,1,Solo,Pop,United Kingdom,2014,1,1,2010–2015,33032,0,2280566092,1,21.547689535059813,Hit (700M+),69041.114434487768,0.0,33032
8189388,No Role Modelz,No Role Modelz,J. Cole,1,Solo,Heavy metal,United States,2014,12,9,2010–2015,21164,36,1791000570,1,21.306040278282893,Hit (700M+),84624.861557361553,0.0017010017010017011,21200
4635311,After Dark,After Dark,Mr.Kitty,1,Solo,Synthwave,United States,2014,8,8,2010–2015,1776,14,646886885,1,20.287682007196086,Alto (300M–700M),364238.11092342343,0.0078828828828828822,1790
4795987,Night Changes,Night Changes,One Direction,1,Solo,Pop,United Kingdom,2014,11,17,2010–2015,7124,18,1131090940,1,20.846448437567666,Hit (700M+),158771.88938798427,0.0025266704098820887,7142
2061482,Only Love Can Hurt Like This,Only Love Can Hurt Like This,Paloma Faith,1,Solo,Pop,United Kingdom,2014,1,1,2010–2015,5148,0,588955257,1,20.193860774384074,Alto (300M–700M),114404.67307692308,0.0,5148
1776310,I'm Not The Only One,I'm Not The Only One,Sam Smith,1,Solo,Soul,United Kingdom,2014,1,1,2010–2015,17492,3,1606986953,1,21.197626804813819,Hit (700M+),91869.823519323123,0.00017150697461696776,17495
8987545,Lovers Rock,Lovers Rock,TV Girl,1,Solo,Indie pop,United States,2014,6,5,2010–2015,6339,13,466231982,1,19.960193883671561,Alto (300M–700M),73549.76841773151,0.0020507966556239155,6352
4796316,Style,Style,Taylor Swift,1,Solo,Unknown,Unknown,2014,1,1,2010–2015,7830,42,786181836,1,20.482698667149148,Hit (700M+),100406.36475095786,0.0053639846743295016,7872
2031309,Shake It Off,Shake It Off,Taylor Swift,1,Solo,Pop,United States,2014,1,1,2010–2015,21335,13,1113838873,1,20.831078329749811,Hit (700M+),52207.118490742912,0.00060932739629716425,21348
3921634,Blank Space,Blank Space,Taylor Swift,1,Solo,Pop,United States,2014,1,1,2010–2015,11434,53,1355959075,1,21.027774845330704,Hit (700M+),118590.08877033408,0.0046352982333391635,11487
8584244,I Love You So,I Love You So,The Walters,1,Solo,Indie pop,United States,2014,11,28,2010–2015,7536,7,972164968,1,20.695036068188486,Hit (700M+),129002.78237791933,0.00092887473460721869,7543
4765423,Space Song,Space Song,Beach House,1,Solo,Dream pop,United States,2015,1,1,2010–2015,17852,4,789753877,1,20.487231906782885,Hit (700M+),44238.957931884383,0.00022406453058480843,17856
1904373,Cool for the Summer,Cool for the Summer,Demi Lovato,1,Solo,Pop,United States,2015,1,1,2010–2015,9243,0,677389855,1,20.333757521855521,Alto (300M–700M),73286.795953694687,0.0,9243
7159285,Makeba,Makeba,Jain,1,Solo,Pop,France,2015,6,22,2010–2015,6060,53,165484133,1,18.92438587507349,Médio (100M–300M),27307.612706270625,0.0087458745874587455,6113
2188178,Love Yourself,Love Yourself,Justin Bieber,1,Solo,Pop,Canada,2015,11,9,2010–2015,22730,5,2123309722,1,21.476241897863339,Hit (700M+),93414.418037835465,0.0002199736031676199,22735
1630789,The Night We Met,The Night We Met,Lord Huron,1,Solo,Indie folk,United States,2015,2,2,2010–2015,18515,35,1410088830,1,21.06691853935207,Hit (700M+),76159.26708074534,0.001890359168241966,18550
1168222,Atlantis,Atlantis,Seafret,1,Solo,Indie pop,United Kingdom,2015,4,22,2010–2015,3045,6,571386359,1,20.163576174532338,Alto (300M–700M),187647.40853858786,0.0019704433497536944,3051
7435337,Freaks,Freaks,Surf Curse,1,Solo,Indie rock,United States,2015,5,10,2010–2015,3006,3,824420218,1,20.530190931182528,Hit (700M+),274258.22288755822,0.000998003992015968,3009
2634614,Daddy Issues,Daddy Issues,The Neighbourhood,1,Solo,Alternative rock,United States,2015,10,30,2010–2015,9771,4,1127468248,1,20.843240467525497,Hit (700M+),115389.23835840753,0.00040937468017603111,9775
6380084,The Hills,The Hills,The Weeknd,1,Solo,R&B,Canada,2015,5,27,2010–2015,25744,4,1947371785,1,21.389746497855135,Hit (700M+),75643.714457737718,0.00015537600994406463,25748
6950436,Alien Blues,Alien Blues,Vundabar,1,Solo,Indie rock,United States,2015,7,24,2010–2015,1930,0,370068639,1,19.729199057208351,Alto (300M–700M),191745.40880829014,0.0,1930
7792660,Wait a Minute!,Wait a Minute!,Willow,1,Solo,Alternative R&B,United States,2015,1,11,2010–2015,11985,0,924193303,1,20.644431810107143,Hit (700M+),77112.499207342509,0.0,11985
8292846,"Hey, Mickey!","Hey, Mickey!",Baby Tate,1,Solo,Heavy metal,United States,2016,9,27,2016–2019,482,0,122763672,1,18.625771699291914,Médio (100M–300M),254696.41493775934,0.0,482
5300224,"Sex, Drugs, Etc.","Sex, Drugs, Etc.",Beach Weather,1,Solo,Indie rock,United States,2016,11,4,2016–2019,3006,16,480507035,1,19.9903524272664,Alto (300M–700M),159849.31304058549,0.0053226879574184965,3022
4944285,Me and Your Mama,Me and Your Mama,Childish Gambino,1,Solo,Funk,United States,2016,11,10,2016–2019,8775,0,445590495,1,19.914910915559897,Alto (300M–700M),50779.543589743589,0.0,8775
1928790,One Dance,One Dance,"Drake, WizKid, Kyla",3,Colaboração (3+),Afrobeats,Canada,2016,4,4,2016–2019,43257,24,2713922350,1,21.721660787043376,Hit (700M+),62739.495341794391,0.00055482349677508837,43281
8897005,Pink + White,Pink + White,Frank Ocean,1,Solo,R&B,United States,2016,8,20,2016–2019,21574,30,806397070,1,20.508086821842237,Hit (700M+),37378.189950866785,0.0013905627143784185,21604
7587856,Say You Won't Let Go,Say You Won't Let Go,James Arthur,1,Solo,Pop,United Kingdom,2016,9,9,2016–2019,15722,16,2420461338,1,21.607223994483551,Hit (700M+),153953.78056226944,0.0010176822287240809,15738
7498965,House Of Memories,House Of Memories,Panic! At The Disco,1,Solo,Alternative pop,United States,2016,1,15,2016–2019,2948,0,582863434,1,20.183463469876369,Alto (300M–700M),197714.86906377206,0.0,2948
3210546,Selfish,Selfish,PnB Rock,1,Solo,Hip-hop,United States,2016,6,23,2016–2019,2468,0,380319238,1,19.756521557998216,Alto (300M–700M),154100.17747163694,0.0,2468
3872585,Pope Is a Rockstar,Pope Is a Rockstar,SALES,1,Solo,Indie pop,United States,2016,4,20,2016–2019,1966,0,156658366,1,18.869577979617898,Médio (100M–300M),79683.807731434383,0.0,1966
3612400,No Lie,No Lie,"Sean Paul, Dua Lipa",2,Dupla,Dancehall,Jamaica,2016,11,18,2016–2019,7370,0,956865266,1,20.679173151626898,Hit (700M+),129832.46485753053,0.0,7370
4096612,There's Nothing Holdin' Me Back,There's Nothing Holdin' Me Back,Shawn Mendes,1,Solo,Pop rock,Canada,2016,9,23,2016–2019,12382,0,1714490998,1,21.262382079343112,Hit (700M+),138466.40268131159,0.0,12382
8213022,Unstoppable,Unstoppable,Sia,1,Solo,Pop,Australia,2016,1,21,2016–2019,7681,13,939844851,1,20.661225367478064,Hit (700M+),122359.6993881005,0.0016924879572972268,7694
5831523,Closer,Closer,"The Chainsmokers, Halsey",2,Dupla,EDM,United States,2016,5,31,2016–2019,28032,0,2591224264,1,21.675396289778785,Hit (700M+),92438.080194063921,0.0,28032
1992045,Notion,Notion,The Rare Occasions,1,Solo,Indie rock,United States,2016,8,5,2016–2019,2393,0,421135627,1,19.85846549416037,Alto (300M–700M),175986.47179272879,0.0,2393
6320673,Reminder,Reminder,The Weeknd,1,Solo,R&B,Canada,2016,11,25,2016–2019,6518,17,684675814,1,20.34445601996806,Alto (300M–700M),105043.84995397361,0.0026081620128873889,6535
7476887,Die For You,Die For You,The Weeknd,1,Solo,R&B,Canada,2016,11,24,2016–2019,2483,59,1647990401,1,21.222822443780807,Hit (700M+),663709.38421264593,0.023761578735400725,2542
4367298,Starboy,Starboy,"The Weeknd, Daft Punk",2,Dupla,R&B,Canada,2016,9,21,2016–2019,29536,79,2565529693,1,21.665430802241506,Hit (700M+),86861.1082407909,0.0026747020585048756,29615
7910702,Stargirl Interlude,Stargirl Interlude,"The Weeknd, Lana Del Rey",2,Dupla,R&B,Canada,2016,11,24,2016–2019,1275,32,611700552,1,20.231753426615526,Alto (300M–700M),479765.13882352941,0.025098039215686273,1307
4131863,Bored,Bored,Billie Eilish,1,Solo,Indie pop,United States,2017,3,30,2016–2019,4204,0,777765388,1,20.471935478824339,Hit (700M+),185006.03901046622,0.0,4204
4826716,lovely - Bonus Track,lovely,"Billie Eilish, Khalid",2,Dupla,Pop,United States,2017,8,11,2016–2019,15032,30,2355719893,1,21.580112204750858,Hit (700M+),156713.6703698776,0.0019957424161788184,15062
2143818,One Kiss (with Dua Lipa),One Kiss,"Calvin Harris, Dua Lipa",2,Dupla,Dance,United Kingdom,2017,6,2,2016–2019,27705,10,1897517891,1,21.363812495911613,Hit (700M+),68490.088106839918,0.00036094567767550983,27715
1386091,Swim,Swim,Chase Atlantic,1,Solo,Alternative R&B,Australia,2017,10,4,2016–2019,2742,0,498960285,1,20.02803706137005,Alto (300M–700M),181969.46936542669,0.0,2742
1323431,Apocalypse,Apocalypse,Cigarettes After Sex,1,Solo,Dream pop,United States,2017,3,21,2016–2019,13091,17,841749534,1,20.550993062396753,Hit (700M+),64299.86509815904,0.0012986020930410205,13108
8797570,Cold Heart - PNAU Remix,Cold Heart,"Dua Lipa, Elton John, Pnau",3,Colaboração (3+),Dance-pop,United Kingdom,2017,11,10,2016–2019,21097,52,1605224506,1,21.196529462873944,Hit (700M+),76087.808977579756,0.0024648054225719297,21149
4299313,Shape of You,Shape of You,Ed Sheeran,1,Solo,Pop,United Kingdom,2017,1,6,2016–2019,32181,10,3562543890,1,21.993740702465288,Hit (700M+),110703.33084739442,0.00031074236350641684,32191
3253565,Perfect,Perfect,Ed Sheeran,1,Solo,Pop,United Kingdom,2017,1,1,2016–2019,16596,13,2559529074,1,21.66308912304725,Hit (700M+),154225.66124367318,0.00078332128223668359,16609
7387090,Merry Christmas,Merry Christmas,"Ed Sheeran, Elton John",2,Dupla,Christmas pop,United Kingdom,2017,11,10,2016–2019,2209,0,135723538,1,18.7261305659166,Médio (100M–300M),61441.167043911271,0.0,2209
1346774,Hold Me Closer,Hold Me Closer,"Elton John, Britney Spears",2,Dupla,Pop,United Kingdom,2017,11,10,2016–2019,4967,0,284216603,1,19.465247192047556,Médio (100M–300M),57220.979061807935,0.0,4967
4181228,Believer,Believer,Imagine Dragons,1,Solo,Pop rock,United States,2017,1,31,2016–2019,18986,23,2594040133,1,21.676482394193609,Hit (700M+),136629.1021278837,0.0012114189402717792,19009
8186517,Infinity,Infinity,Jaymes Young,1,Solo,Indie pop,United States,2017,6,23,2016–2019,4375,0,888046992,1,20.604535218475206,Hit (700M+),202982.1696,0.0,4375
8949659,Lucid Dreams,Lucid Dreams,Juice WRLD,1,Solo,Emo rap,United States,2017,6,15,2016–2019,14749,0,2288695111,1,21.551247671579127,Hit (700M+),155176.29066377381,0.0,14749
5223297,HUMBLE.,HUMBLE.,Kendrick Lamar,1,Solo,Heavy metal,United States,2017,3,30,2016–2019,33206,1,1929770265,1,21.380666799099377,Hit (700M+),58115.107661266033,3.011503945070168e-05,33207
4495422,Dandelions,Dandelions,Ruth B.,1,Solo,Pop,Canada,2017,4,28,2016–2019,3423,21,1116995633,1,20.833908447446603,Hit (700M+),326320.6640373941,0.0061349693251533744,3444
2886961,Snowman,Snowman,Sia,1,Solo,Pop,Australia,2017,1,1,2016–2019,5140,0,690104769,1,20.35235398315962,Alto (300M–700M),134261.62821011673,0.0,5140
1014962,Dark Red,Dark Red,Steve Lacy,1,Solo,R&B,United States,2017,2,20,2016–2019,10431,7,920045682,1,20.639933881122449,Hit (700M+),88203.018119068161,0.00067107659860032593,10438
4824782,Good Looking,Good Looking,Suki Waterhouse,1,Solo,Indie pop,United Kingdom,2017,10,20,2016–2019,2264,0,184706613,1,19.034279248535018,Médio (100M–300M),81584.193021201412,0.0,2264
6523480,Something Just Like This,Something Just Like This,"The Chainsmokers, Coldplay",2,Dupla,EDM,United States,2017,2,22,2016–2019,23375,21,2204080728,1,21.513576355515475,Hit (700M+),94292.223657754017,0.00089839572192513368,23396
4446199,See You Again,See You Again,"Tyler, The Creator, Kali Uchis",3,Colaboração (3+),Hip-hop,United States,2017,7,21,2016–2019,13387,64,1047101291,1,20.769291508185972,Hit (700M+),78217.77029954434,0.0047807574512586841,13451
2061546,Revenge,Revenge,XXXTENTACION,1,Solo,Hip-hop,United States,2017,8,25,2016–2019,3600,11,1022258230,1,20.7452799680448,Hit (700M+),283960.61944444443,0.0030555555555555557,3611
1611239,Let Me Down Slowly,Let Me Down Slowly,Alec Benjamin,1,Solo,Pop,United States,2018,5,25,2016–2019,5897,19,1374581173,1,21.041414920209956,Hit (700M+),233098.38443276242,0.0032219772765813125,5916
2699923,SLOW DANCING IN THE DARK,SLOW DANCING IN THE DARK,Joji,1,Solo,Alternative R&B,Japan,2018,9,12,2016–2019,10211,0,1122364376,1,20.838703347118393,Hit (700M+),109917.18499657232,0.0,10211
5074676,Shallow,Shallow,"Lady Gaga, Bradley Cooper",2,Dupla,Pop,United States,2018,9,27,2016–2019,16636,12,2159346687,1,21.493071553170097,Hit (700M+),129799.63254388074,0.000721327242125511,16648
8408827,Someone You Loved,Someone You Loved,Lewis Capaldi,1,Solo,Pop,United Kingdom,2018,11,8,2016–2019,17836,53,2887241814,1,21.783567493731624,Hit (700M+),161877.20419376541,0.0029715182776407266,17889
3827571,Sunflower - Spider-Man: Into the Spider-Verse,Sunflower,"Post Malone, Swae Lee",2,Dupla,Hip-hop,United States,2018,10,9,2016–2019,24094,78,2808096550,1,21.755772706421997,Hit (700M+),116547.54503195816,0.003237320494728978,24172
1471634,Softcore,Softcore,The Neighbourhood,1,Solo,Alternative,United States,2018,3,9,2016–2019,3947,12,599770206,1,20.212057149821018,Alto (300M–700M),151955.96807702052,0.0030402837598175829,3959
6387600,Call Out My Name,Call Out My Name,The Weeknd,1,Solo,R&B,Canada,2018,3,29,2016–2019,11087,6,1449799467,1,21.094691085194068,Hit (700M+),130765.71362857401,0.00054117434833588884,11093
6029543,I Was Never There,I Was Never There,"The Weeknd, Gesaffelstein",2,Dupla,R&B,Canada,2018,3,29,2016–2019,4188,15,705469769,1,20.374374477878369,Hit (700M+),168450.27913085005,0.0035816618911174787,4203
6824324,Hope,Hope,XXXTENTACION,1,Solo,Emo rap,United States,2018,3,16,2016–2019,3659,0,1200808494,1,20.906260911876096,Hit (700M+),328179.41896693088,0.0,3659
5476124,we fell in love in october,we fell in love in october,girl in red,1,Solo,Indie pop,Norway,2018,11,21,2016–2019,6858,0,723043854,1,20.398980433885221,Hit (700M+),105430.71653543306,0.0,6858
2748330,Tom's Diner,Tom's Diner,"AnnenMayKantereit, Giant Rooks",2,Dupla,Indie pop,Germany,2019,6,28,2016–2019,2605,0,236872197,1,19.283031300485568,Médio (100M–300M),90929.826103646832,0.0,2605
6990936,Callaita,Callaita,"Bad Bunny, Tainy",2,Dupla,Reggaeton,Puerto Rico,2019,5,31,2016–2019,9539,15,1304313953,1,20.988943032975541,Hit (700M+),136734.87294265645,0.0015724918754586434,9554
3153550,Under The Influence,Under The Influence,Chris Brown,1,Solo,R&B,United States,2019,10,4,2016–2019,3859,26,929964809,1,20.650657303610686,Hit (700M+),240985.95724280903,0.0067374967608188653,3885
2468710,love nwantiti (ah ah ah),love nwantiti,Ckay,1,Solo,Afrobeats,Nigeria,2019,7,26,2016–2019,5669,2,726837877,1,20.40421400787795,Hit (700M+),128212.71423531487,0.00035279590756747222,5671
8725160,Love Nwantiti - Remix,Love Nwantiti,"Ckay, AX'EL, Dj Yo!",3,Colaboração (3+),Afrobeats,Nigeria,2019,8,30,2016–2019,2696,0,540539717,1,20.108078674305016,Alto (300M–700M),200496.92767062315,0.0,2696
2092930,Streets,Streets,Doja Cat,1,Solo,R&B,United States,2019,11,7,2016–2019,5728,0,865640097,1,20.578979787765508,Hit (700M+),151124.31861033521,0.0,5728
6891911,Don't Start Now,Don't Start Now,Dua Lipa,1,Solo,Disco pop,United Kingdom,2019,10,31,2016–2019,27119,0,2303033973,1,21.557493209304464,Hit (700M+),84923.263136546331,0.0,27119
6181977,Arcade,Arcade,Duncan Laurence,1,Solo,Pop,Netherlands,2019,3,7,2016–2019,6646,0,991336132,1,20.714564219446107,Hit (700M+),149162.824556124,0.0,6646
6373026,Mary On A Cross,Mary On A Cross,Ghost,1,Solo,Rock,Sweden,2019,9,13,2016–2019,2668,2,387080183,1,19.774142420747392,Alto (300M–700M),145082.52736131934,0.00074962518740629683,2670
7304378,Boy With Luv (feat. Halsey),Boy With Luv,"Halsey, BTS",2,Dupla,K-pop,South Korea,2019,4,12,2016–2019,4260,0,1065580332,1,20.786785400372857,Hit (700M+),250136.2281690141,0.0,4260
3869741,Watermelon Sugar,Watermelon Sugar,Harry Styles,1,Solo,Pop,United Kingdom,2019,11,17,2016–2019,21915,34,2322580122,1,21.565944526227295,Hit (700M+),105981.29691991786,0.0015514487793748574,21949
2977289,Golden,Golden,Harry Styles,1,Solo,Pop,United Kingdom,2019,12,13,2016–2019,8429,1,807015863,1,20.50885388279444,Hit (700M+),95742.776485941387,0.00011863803535413454,8430
8483246,Adore You,Adore You,Harry Styles,1,Solo,Pop,United Kingdom,2019,12,6,2016–2019,13454,1,1439191367,1,21.087347242111232,Hit (700M+),106971.26259848372,7.4327337594767349e-05,13455
6327262,Falling,Falling,Harry Styles,1,Solo,Pop,United Kingdom,2019,12,13,2016–2019,7556,0,1023187129,1,20.74618822898638,Hit (700M+),135413.86037586024,0.0,7556
4812397,Car's Outside,Car's Outside,James Arthur,1,Solo,Pop,United Kingdom,2019,10,18,2016–2019,794,10,265882712,1,19.3985658371759,Médio (100M–300M),334864.87657430733,0.012594458438287154,804
5400474,San Lucas,San Lucas,Kevin Kaarl,1,Solo,Indie folk,Mexico,2019,11,7,2016–2019,407,1,244891912,1,19.316327495652249,Médio (100M–300M),601700.02948402951,0.0024570024570024569,408
7885122,Mount Everest,Mount Everest,Labrinth,1,Solo,Electronic,United Kingdom,2019,6,21,2016–2019,5443,0,467727006,1,19.9633953631715,Alto (300M–700M),85931.840161675544,0.0,5443
2392756,When I R.I.P.,When I R.I.P.,Labrinth,1,Solo,Alternative,United Kingdom,2019,10,4,2016–2019,2578,0,203680270,1,19.132062018381291,Médio (100M–300M),79007.086889061291,0.0,2578
1647722,Still Don't Know My Name,Still Don't Know My Name,Labrinth,1,Solo,Alternative R&B,United Kingdom,2019,10,4,2016–2019,6332,0,563902868,1,20.150392574772635,Alto (300M–700M),89056.043588123823,0.0,6332
8290102,Formula,Formula,Labrinth,1,Solo,Electronic,United Kingdom,2019,10,4,2016–2019,3444,7,554875730,1,20.134254736729233,Alto (300M–700M),161113.74274099883,0.0020325203252032522,3451
1050544,Forever,Forever,Labrinth,1,Solo,Electronic,United Kingdom,2019,10,4,2016–2019,3618,0,282883169,1,19.460544539980894,Médio (100M–300M),78187.719458264241,0.0,3618
6792432,All For Us - from the HBO Original Series Euphoria,All For Us,"Labrinth, Zendaya",2,Dupla,Alternative R&B,United Kingdom,2019,8,4,2016–2019,5342,0,426204830,1,19.870430610272226,Alto (300M–700M),79783.757019842757,0.0,5342
6163158,Before You Go,Before You Go,Lewis Capaldi,1,Solo,Pop,United Kingdom,2019,11,1,2016–2019,8327,24,1608045237,1,21.198285139770164,Hit (700M+),193112.19370721749,0.0028821904647532122,8351
2775772,Heart To Heart,Heart To Heart,Mac DeMarco,1,Solo,Indie rock,Canada,2019,5,10,2016–2019,1640,0,244658767,1,19.315375009923489,Médio (100M–300M),149182.175,0.0,1640
2635416,Memories,Memories,Maroon 5,1,Solo,Pop,United States,2019,9,20,2016–2019,9974,2,1759567999,1,21.2883341607538,Hit (700M+),176415.4801483858,0.00020052135552436334,9976
6047703,Astronaut In The Ocean,Astronaut In The Ocean,Masked Wolf,1,Solo,Heavy metal,Australia,2019,1,1,2016–2019,7191,0,1138474110,1,20.852954702761544,Hit (700M+),158319.30329578641,0.0,7191
8251078,Those Eyes,Those Eyes,New West,1,Solo,Indie pop,Canada,2019,5,10,2016–2019,1507,14,411747614,1,19.835921132226851,Alto (300M–700M),273223.36695421365,0.0092899800928998,1521
2020928,Circles,Circles,Post Malone,1,Solo,Pop,United States,2019,8,30,2016–2019,19664,16,2132335812,1,21.480483841165512,Hit (700M+),108438.5583807974,0.00081366965012205042,19680
4117642,All Of The Girls You Loved Before,All Of The Girls You Loved Before,Taylor Swift,1,Solo,Pop,United States,2019,8,23,2016–2019,1282,6,185240616,1,19.037166164986974,Médio (100M–300M),144493.46021840873,0.0046801872074883,1288
2362023,Cruel Summer,Cruel Summer,Taylor Swift,1,Solo,Pop,United States,2019,8,23,2016–2019,7858,100,800840817,1,20.501172754946065,Hit (700M+),101914.07699160092,0.012725884448969204,7958
2553984,Blinding Lights,Blinding Lights,The Weeknd,1,Solo,Synth-pop,Canada,2019,11,29,2016–2019,43899,69,3703895074,1,22.032650825575328,Hit (700M+),84373.108134581649,0.0015717897902002324,43968
6002262,Lost in the Fire,Lost in the Fire,"The Weeknd, Gesaffelstein",2,Dupla,Synth-pop,Canada,2019,1,11,2016–2019,7731,2,686734357,1,20.347458104376624,Alto (300M–700M),88828.658258957439,0.00025869874531108522,7733
2969661,Dance Monkey,Dance Monkey,Tones and I,1,Solo,Pop,Australia,2019,5,10,2016–2019,24529,0,2864791672,1,21.775761469635057,Hit (700M+),116792.0287007216,0.0,24529
1322961,NEW MAGIC WAND,NEW MAGIC WAND,"Tyler, The Creator",2,Dupla,Heavy metal,United States,2019,5,16,2016–2019,4708,0,461437791,1,19.949857805421413,Alto (300M–700M),98011.425446049281,0.0,4708
1839223,Mood (feat. Iann Dior),Mood,"24kgoldn, Iann Dior",2,Dupla,Pop rap,United States,2020,7,24,2020 em diante,12854,0,1699402402,1,21.253542497972752,Hit (700M+),132208.05990353198,0.0,12854
8672552,Mon Amour - Remix,Mon Amour,"Aitana, zzoilo",2,Dupla,Latin pop,Spain,2020,9,21,2020 em diante,3221,2,578207856,1,20.175443974448338,Alto (300M–700M),179511.90810307357,0.00062092517851598881,3223
7298366,positions,positions,Ariana Grande,1,Solo,R&B,United States,2020,10,23,2020 em diante,8207,0,1252563873,1,20.948458386030207,Hit (700M+),152621.40526379918,0.0,8207
5142009,Save Your Tears (with Ariana Grande) (Remix),Save Your Tears,"Ariana Grande, The Weeknd",2,Dupla,Pop,Canada,2020,3,20,2020 em diante,9161,5,1221813483,1,20.923602053476721,Hit (700M+),133371.1912454972,0.00054579194411090491,9166
3745752,Dynamite,Dynamite,BTS,1,Solo,K-pop,South Korea,2020,8,21,2020 em diante,8528,5,1692897992,1,21.249707685476466,Hit (700M+),198510.552532833,0.0005863039399624766,8533
4974042,A Tu Merced,A Tu Merced,Bad Bunny,1,Solo,Reggaeton,Puerto Rico,2020,2,29,2020 em diante,4214,11,685071800,1,20.345034208251775,Alto (300M–700M),162570.4318936877,0.0026103464641670624,4225
3775590,La Zona,La Zona,Bad Bunny,1,Solo,Reggaeton,Puerto Rico,2020,2,29,2020 em diante,1188,0,312622938,1,19.560508351378608,Alto (300M–700M),263150.62121212122,0.0,1188
3574464,Dakiti,Dakiti,"Bad Bunny, Jhay Cortez",2,Dupla,Reggaeton,Puerto Rico,2020,10,30,2020 em diante,11215,21,1763363713,1,21.290489022544524,Hit (700M+),157232.60927329469,0.0018724921979491752,11236
5355322,Demasiadas Mujeres,Demasiadas Mujeres,C. Tangana,1,Solo,Latin rap,Spain,2020,10,8,2020 em diante,2226,0,339473453,1,19.642906307502148,Alto (300M–700M),152503.79739442948,0.0,2226
5864281,Heather,Heather,Conan Gray,1,Solo,Pop,United States,2020,3,20,2020 em diante,6170,7,1301799902,1,20.987013683822177,Hit (700M+),210988.63889789302,0.00113452188006483,6177
8134740,La Santa,La Santa,"Daddy Yankee, Bad Bunny",2,Dupla,Reggaeton,Puerto Rico,2020,2,29,2020 em diante,4890,20,759208783,1,20.447787373949662,Hit (700M+),155257.4198364008,0.00408997955010225,4910
5370460,Levitating,Levitating,Dua Lipa,1,Solo,Pop,United Kingdom,2020,3,27,2020 em diante,9833,0,797196073,1,20.496611220299812,Hit (700M+),81073.535340181028,0.0,9833
5415405,Levitating (feat. DaBaby),Levitating,"Dua Lipa, DaBaby",2,Dupla,Pop,United Kingdom,2020,3,27,2020 em diante,15894,8,1802514301,1,21.312448361072487,Hit (700M+),113408.47495910406,0.00050333459166981246,15902
1203746,Bad Habits,Bad Habits,Ed Sheeran,1,Solo,Pop,United Kingdom,2020,9,3,2020 em diante,12755,8,1555511105,1,21.165070013460024,Hit (700M+),121953.04625637006,0.00062720501764014112,12763
2744235,Contection,Contection,"GODZZ__-, Zakaria",2,Dupla,Phonk,Russia,2020,1,16,2020 em diante,6955,0,1180896317,1,20.889539577758956,Hit (700M+),169790.98734723221,0.0,6955
6261319,HEARTBREAK ANNIVERSARY,HEARTBREAK ANNIVERSARY,Giveon,1,Solo,R&B,United States,2020,2,21,2020 em diante,5398,4,951637566,1,20.673694812284765,Hit (700M+),176294.47313819933,0.00074101519081141163,5402
8788368,Heat Waves,Heat Waves,Glass Animals,1,Solo,Indie pop,United Kingdom,2020,6,28,2020 em diante,22543,63,2557975762,1,21.662482064686788,Hit (700M+),113470.95603956882,0.0027946590959499625,22606
4341380,Shut up My Moms Calling,Shut up My Moms Calling,Hotel Ugly,1,Solo,Indie pop,United States,2020,2,10,2020 em diante,1788,14,405136812,1,19.819735375434146,Alto (300M–700M),226586.58389261746,0.007829977628635347,1802
2816072,Excuses,Excuses,"Intense, AP Dhillon, Gurinder Gill",3,Colaboração (3+),Punjabi pop,India,2020,7,24,2020 em diante,272,4,327498031,1,19.606992600807768,Alto (300M–700M),1204036.8786764706,0.014705882352941176,276
7179210,Still With You,Still With You,Jung Kook,1,Solo,K-pop,South Korea,2020,6,5,2020 em diante,31,39,38411956,1,17.463879323263971,Baixo (até 100M),1239095.3548387096,1.2580645161290323,70
7748090,MONTERO (Call Me By Your Name),MONTERO,Lil Nas X,1,Solo,Pop rap,United States,2020,9,18,2020 em diante,12329,0,1735441776,1,21.27452784387015,Hit (700M+),140760.95190201962,0.0,12329
2797126,Caile,Caile,Luar La L,1,Solo,Latin trap,Puerto Rico,2020,12,18,2020 em diante,1494,2,273914335,1,19.428325969482998,Médio (100M–300M),183342.92838018743,0.0013386880856760374,1496
5106082,Angels Like You,Angels Like You,Miley Cyrus,1,Solo,Pop rock,United States,2020,11,27,2020 em diante,3372,19,570515054,1,20.162050114297756,Alto (300M–700M),169191.89027283512,0.0056346381969157771,3391
8056641,Life Goes On,Life Goes On,Oliver Tree,1,Solo,Alternative pop,United States,2020,7,17,2020 em diante,2868,0,501541661,1,20.033197234697568,Alto (300M–700M),174875.05613668062,0.0,2868
3023667,Sky,Sky,Playboi Carti,1,Solo,Trap,United States,2020,12,25,2020 em diante,3297,3,506778838,1,20.043585249422637,Alto (300M–700M),153709.08037609947,0.0009099181073703367,3300
6721865,Todo De Ti,Todo De Ti,Rauw Alejandro,1,Solo,Latin pop,Puerto Rico,2020,11,2,2020 em diante,11975,8,1168642797,1,20.879108909868243,Hit (700M+),97590.212693110647,0.00066805845511482258,11983
7243247,I Really Want to Stay at Your House,I Really Want to Stay at Your House,"Rosa Walton, Hallie Coggins",2,Dupla,Synth-pop,United Kingdom,2020,12,18,2020 em diante,668,1,140430339,1,18.76022211595555,Médio (100M–300M),210225.05838323353,0.0014970059880239522,669
6775509,Good Days,Good Days,SZA,1,Solo,R&B,United States,2020,12,24,2020 em diante,10426,2,826623384,1,20.532859749019945,Hit (700M+),79284.805678112418,0.0001918281220026856,10428
2079388,Meet Me At Our Spot,Meet Me At Our Spot,"THE ANXIETY, Willow, Tyler Cole",3,Colaboração (3+),Alternative R&B,United States,2020,3,13,2020 em diante,6734,0,530511203,1,20.089351633608718,Alto (300M–700M),78780.992426492419,0.0,6734
2602763,you broke me first,you broke me first,Tate McRae,1,Solo,Pop,Canada,2020,4,17,2020 em diante,6638,0,1180094974,1,20.888860758625803,Hit (700M+),177778.69448629106,0.0,6638
2685773,cardigan,cardigan,Taylor Swift,1,Solo,Indie pop,United States,2020,7,24,2020 em diante,7923,29,812019557,1,20.515034982811283,Hit (700M+),102488.90029029408,0.0036602297109680675,7952
6556428,august,august,Taylor Swift,1,Solo,Indie pop,United States,2020,7,24,2020 em diante,7324,22,607123776,1,20.224243242568853,Alto (300M–700M),82895.108683779355,0.0030038230475150189,7346
3347693,After Hours,After Hours,The Weeknd,1,Solo,R&B,Canada,2020,2,19,2020 em diante,8084,6,698086140,1,20.36385306285441,Alto (300M–700M),86354.049975259768,0.00074220682830282035,8090
1961503,Save Your Tears,Save Your Tears,The Weeknd,1,Solo,Synth-pop,Canada,2020,3,20,2020 em diante,12688,13,1591223784,1,21.18776923260198,Hit (700M+),125411.71059268601,0.0010245901639344263,12701
7235348,We Don't Talk About Bruno,We Don't Talk About Bruno,"Adassa, Mauro Castillo, Stephanie Beatriz, Encanto - Cast, Rhenzy Feliz, Diane Guerrero, Carolina Gaitan",7,Colaboração (3+),Latin pop,United States,2021,11,19,2020 em diante,2785,0,432719968,1,19.885601351576621,Alto (300M–700M),155375.2129263914,0.0,2785
7732446,Easy On Me,Easy On Me,Adele,1,Solo,Pop,United Kingdom,2021,10,14,2020 em diante,10195,20,1406111294,1,21.064093783674437,Hit (700M+),137921.65708680724,0.00196174595389897,10215
2820520,Oh My God,Oh My God,Adele,1,Solo,Pop,United Kingdom,2021,11,19,2020 em diante,4431,0,466214729,1,19.960156877803453,Alto (300M–700M),105216.59422252313,0.0,4431
5145584,Envolver,Envolver,Anitta,1,Solo,Brazilian funk,Brazil,2021,11,11,2020 em diante,4673,2,546191065,1,20.11847940839333,Alto (300M–700M),116882.31649903703,0.00042799058420714745,4675
4102590,Ley Seca,Ley Seca,"Anuel Aa, Jhay Cortez",2,Dupla,Reggaeton,Puerto Rico,2021,9,2,2020 em diante,2012,0,355219175,1,19.688245551296394,Alto (300M–700M),176550.28578528826,0.0,2012
8452012,Butter,Butter,BTS,1,Solo,K-pop,South Korea,2021,5,21,2020 em diante,4779,6,1143647827,1,20.857488838979002,Hit (700M+),239306.93178489225,0.0012554927809165098,4785
5459112,Permission to Dance,Permission to Dance,BTS,1,Solo,K-pop,South Korea,2021,7,9,2020 em diante,1801,2,608334048,1,20.226234710106588,Alto (300M–700M),337775.70682953915,0.0011104941699056081,1803
3365981,Yonaguni,Yonaguni,Bad Bunny,1,Solo,Reggaeton,Puerto Rico,2021,6,4,2020 em diante,9644,28,1260594497,1,20.95484926965219,Hit (700M+),130712.82631688096,0.0029033596018249691,9672
5737293,Happier Than Ever,Happier Than Ever,Billie Eilish,1,Solo,Alternative pop,United States,2021,7,30,2020 em diante,8476,0,1056760045,1,20.778473502925493,Hit (700M+),124676.73961774421,0.0,8476
4782067,Happier Than Ever - Edit,Happier Than Ever,Billie Eilish,1,Solo,Alternative pop,United States,2021,7,28,2020 em diante,1959,0,412795151,1,19.83846202545411,Alto (300M–700M),210717.27973455845,0.0,1959
3885692,"Tiago PZK: Bzrp Music Sessions, Vol. 48","Tiago PZK: Bzrp Music Sessions, Vol. 48","Bizarrap, Tiago pzk",2,Dupla,Latin trap,Argentina,2021,12,29,2020 em diante,1678,12,374191487,1,19.740278221679098,Alto (300M–700M),222998.50238379024,0.0071513706793802142,1690
1266830,Toxic,Toxic,BoyWithUke,1,Solo,Indie pop,United States,2021,9,10,2020 em diante,1795,0,582981380,1,20.183665805554302,Alto (300M–700M),324780.713091922,0.0,1795
7345306,Leave The Door Open,Leave The Door Open,"Bruno Mars, Anderson .Paak, Silk Sonic",3,Colaboração (3+),Soul,United States,2021,3,5,2020 em diante,14417,0,1115880852,1,20.832909931765048,Hit (700M+),77400.350419643481,0.0,14417
4439384,Smokin Out The Window,Smokin Out The Window,"Bruno Mars, Anderson .Paak, Silk Sonic",3,Colaboração (3+),Soul,United States,2021,11,5,2020 em diante,4963,0,383550148,1,19.764980934238363,Alto (300M–700M),77281.915776747934,0.0,4963
8033263,SloMo,SloMo,Chanel,1,Solo,Pop,Spain,2021,12,24,2020 em diante,1211,0,65719930,1,18.000912786008,Baixo (até 100M),54269.1412056152,0.0,1211
1513475,OUT OUT (feat. Charli XCX & Saweetie),OUT OUT,"Charli XCX, Jax Jones, Joel Corry, Saweetie",4,Colaboração (3+),Dance,United Kingdom,2021,8,13,2020 em diante,6890,0,427486004,1,19.873432106623863,Alto (300M–700M),62044.412772133524,0.0,6890
6879361,Desesperados,Desesperados,"Chencho Corleone, Rauw Alejandro",2,Dupla,Reggaeton,Puerto Rico,2021,6,25,2020 em diante,6821,34,809306935,1,20.511688803563036,Hit (700M+),118649.30875238235,0.0049846063627034158,6855
6984128,Do It To It,Do It To It,"Cherish, ACRAZE",2,Dupla,House,United States,2021,8,20,2020 em diante,12403,0,674772936,1,20.329886801133512,Alto (300M–700M),54404.009997581234,0.0,12403
4162862,My Universe,My Universe,"Coldplay, BTS",2,Dupla,Pop,United Kingdom,2021,9,24,2020 em diante,6127,13,1061966512,1,20.783388226312297,Hit (700M+),173325.69152929654,0.0021217561612534683,6140
5897675,Ain't Shit,Ain't Shit,Doja Cat,1,Solo,R&B,United States,2021,6,25,2020 em diante,3436,0,499710590,1,20.0295396688055,Alto (300M–700M),145433.81548311992,0.0,3436
8480431,Need To Know,Need To Know,Doja Cat,1,Solo,Pop rap,United States,2021,6,11,2020 em diante,6672,0,1042568408,1,20.764953128669038,Hit (700M+),156260.25299760193,0.0,6672
5085460,Get Into It (Yuh),Get Into It,Doja Cat,1,Solo,Pop rap,United States,2021,6,25,2020 em diante,4999,0,516784627,1,20.063136763473203,Alto (300M–700M),103377.60092018404,0.0,4999
5346382,Woman,Woman,Doja Cat,1,Solo,Pop,United States,2021,6,25,2020 em diante,9424,0,1329090101,1,21.007760410466751,Hit (700M+),141032.48100594227,0.0,9424
4967426,You Right,You Right,"Doja Cat, The Weeknd",2,Dupla,R&B,United States,2021,6,24,2020 em diante,5073,0,672656250,1,20.326744984460479,Alto (300M–700M),132595.35777646364,0.0,5073
6195210,Way 2 Sexy (with Future & Young Thug),Way 2 Sexy,"Drake, Future, Young Thug",3,Colaboração (3+),Heavy metal,Canada,2021,9,3,2020 em diante,5481,0,489945871,1,20.009805475620041,Alto (300M–700M),89389.868819558469,0.0,5481
4666772,Knife Talk (with 21 Savage ft. Project Pat),Knife Talk,"Drake, Project Pat, 21 Savage",3,Colaboração (3+),Hip-hop,Canada,2021,9,3,2020 em diante,5199,0,594482982,1,20.203202647949475,Alto (300M–700M),114345.63993075592,0.0,5199
6599493,Fair Trade (with Travis Scott),Fair Trade,"Drake, Travis Scott",2,Dupla,Heavy metal,Canada,2021,9,3,2020 em diante,5403,6,593917618,1,20.202251177472849,Alto (300M–700M),109923.67536553767,0.0011104941699056081,5409
1774478,Shivers,Shivers,Ed Sheeran,1,Solo,Pop,United Kingdom,2021,9,9,2020 em diante,10147,30,1302184087,1,20.987308758603291,Hit (700M+),128331.9293387208,0.0029565388784862519,10177
5930788,Peru,Peru,"Ed Sheeran, Fireboy DML",2,Dupla,Afrobeats,Nigeria,2021,12,23,2020 em diante,2999,0,261286503,1,19.381128075884664,Médio (100M–300M),87124.5425141714,0.0,2999
5311211,I AM WOMAN,I AM WOMAN,Emmy Meli,1,Solo,Pop,United States,2021,11,18,2020 em diante,2795,0,225259194,1,19.232762270489879,Médio (100M–300M),80593.629338103754,0.0,2795
4365318,Pepas,Pepas,Farruko,1,Solo,Reggaeton,Puerto Rico,2021,6,24,2020 em diante,14114,17,1309887447,1,20.993207052147671,Hit (700M+),92807.66947711492,0.0012044778234377215,14131
6158916,METAMORPHOSIS,METAMORPHOSIS,INTERWORLD,1,Solo,Phonk,Russia,2021,11,25,2020 em diante,1561,24,357580552,1,19.694871214997256,Alto (300M–700M),229071.46188340808,0.015374759769378604,1585
1640645,ELEVEN,ELEVEN,IVE,1,Solo,K-pop,South Korea,2021,12,1,2020 em diante,521,1,247737946,1,19.327882076105769,Médio (100M–300M),475504.69481765834,0.0019193857965451055,522
2480109,Bones,Bones,Imagine Dragons,1,Solo,Pop rock,United States,2021,3,11,2020 em diante,4198,44,838079900,1,20.546623999963263,Hit (700M+),199637.89899952358,0.010481181515007145,4242
1367281,Enemy - from the series Arcane League of Legends,Enemy,"Imagine Dragons, League of Legends, Arcane",3,Colaboração (3+),Pop rock,United States,2021,10,27,2020 em diante,824,0,1223481149,1,20.924966033290627,Hit (700M+),1484807.2196601941,0.0,824
1519987,Enemy (with JID) - from the series Arcane League of Legends,Enemy,"Imagine Dragons, League of Legends, JID, Arcane",4,Colaboração (3+),Pop rock,United States,2021,9,3,2020 em diante,6180,7,1223481149,1,20.924966033290627,Hit (700M+),197974.29595469256,0.0011326860841423948,6187
8454029,AM Remix,AM Remix,"J Balvin, Nio Garcia, Bad Bunny",3,Colaboração (3+),Reggaeton,Puerto Rico,2021,6,24,2020 em diante,6556,0,528544703,1,20.08563794437109,Alto (300M–700M),80619.997406955459,0.0,6556
4551026,this is what falling in love feels like,this is what falling in love feels like,JVKE,1,Solo,Pop,United States,2021,9,3,2020 em diante,2005,0,346127840,1,19.662318744549943,Alto (300M–700M),172632.3391521197,0.0,2005
3378211,INDUSTRY BABY (feat. Jack Harlow),INDUSTRY BABY,"Jack Harlow, Lil Nas X",2,Dupla,Heavy metal,United States,2021,7,23,2020 em diante,13315,0,1814349763,1,21.318992983173473,Hit (700M+),136263.59466766805,0.0,13315
2439081,Acapulco,Acapulco,Jason Derulo,1,Solo,Pop,United States,2021,9,1,2020 em diante,3098,0,363467642,1,19.711200833093816,Alto (300M–700M),117323.31891542931,0.0,3098
4923571,Surface Pressure,Surface Pressure,Jessica Darrow,1,Solo,Musical,United States,2021,11,19,2020 em diante,1756,0,267758538,1,19.405596154738905,Médio (100M–300M),152482.08314350797,0.0,1756
8333879,TO THE MOON,TO THE MOON,Jnr Choi,1,Solo,Trap,United Kingdom,2021,11,5,2020 em diante,2979,0,245095641,1,19.317159063762471,Médio (100M–300M),82274.46827794562,0.0,2979
1198357,traitor,traitor,"Juan Cruz Toledo, Huilen Toledo",2,Dupla,Pop,United States,2021,5,21,2020 em diante,5257,6,1230855859,1,20.930975584685218,Hit (700M+),234136.55297698308,0.0011413353623739774,5263
7717973,Cigarettes,Cigarettes,Juice WRLD,1,Solo,Emo rap,United States,2021,12,10,2020 em diante,975,0,185408548,1,19.038072315750561,Médio (100M–300M),190162.61333333334,0.0,975
8990379,Lo Siento BB:/ (with Bad Bunny & Julieta Venegas),Lo Siento BB:/,"Julieta Venegas, Bad Bunny, Tainy",3,Colaboração (3+),Reggaeton,Puerto Rico,2021,10,5,2020 em diante,3423,26,775542072,1,20.469072790559988,Hit (700M+),226567.94390885188,0.0075956763073327487,3449
6698200,Ghost,Ghost,Justin Bieber,1,Solo,Pop,Canada,2021,3,19,2020 em diante,5866,24,1167330737,1,20.877985557981862,Hit (700M+),198999.44374360723,0.0040913740197749742,5890
3252166,Peaches (feat. Daniel Caesar & Giveon),Peaches,"Justin Bieber, Daniel Caesar, Giveon",3,Colaboração (3+),R&B,Canada,2021,3,19,2020 em diante,14140,0,1445941661,1,21.092026614779197,Hit (700M+),102258.95763790664,0.0,14140
2023156,STAY (with Justin Bieber),STAY,"Justin Bieber, The Kid Laroi",2,Dupla,Pop,Australia,2021,7,9,2020 em diante,17050,36,2665343922,1,21.703598937644934,Hit (700M+),156325.15671554251,0.0021114369501466276,17086
6575753,Sad Girlz Luv Money Remix (feat. Kali Uchis),Sad Girlz Luv Money Remix,"Kali Uchis, Amaarae, Moliy",3,Colaboração (3+),Afrobeats,Ghana,2021,9,16,2020 em diante,3643,0,354065229,1,19.684991716835626,Alto (300M–700M),97190.565193521819,0.0,3643
2542321,Praise God,Praise God,Kanye West,1,Solo,Heavy metal,United States,2021,8,29,2020 em diante,4651,0,376333030,1,19.745985027422471,Alto (300M–700M),80914.433455170933,0.0,4651
5406019,family ties (with Kendrick Lamar),family ties,"Kendrick Lamar, Baby Keem",2,Dupla,Heavy metal,United States,2021,8,27,2020 em diante,6308,5,560222750,1,20.14384503046195,Alto (300M–700M),88811.469562460363,0.00079264426125554856,6313
2106751,Super Gremlin,Super Gremlin,Kodak Black,1,Solo,Heavy metal,United States,2021,10,30,2020 em diante,2551,0,342779426,1,19.65259772538386,Alto (300M–700M),134370.60995687966,0.0,2551
3933523,Flowers,Flowers,Lauren Spencer Smith,1,Solo,Pop,United States,2021,8,9,2020 em diante,801,0,184826429,1,19.034927721015585,Médio (100M–300M),230744.6054931336,0.0,801
2636311,THATS WHAT I WANT,THATS WHAT I WANT,Lil Nas X,1,Solo,Pop,United States,2021,9,17,2020 em diante,7963,0,920797189,1,20.640750362587095,Hit (700M+),115634.45799321863,0.0,7963
2320654,MONEY,MONEY,Lisa,1,Solo,K-pop,Thailand,2021,9,10,2020 em diante,2566,13,863625566,1,20.576649860150063,Hit (700M+),336564.91270459862,0.0050662509742790338,2579
6416915,Where Are You Now,Where Are You Now,"Lost Frequencies, Calum Scott",2,Dupla,Dance,Belgium,2021,7,30,2020 em diante,10565,44,972509632,1,20.695390537778007,Hit (700M+),92050.130809275914,0.00416469474680549,10609
2761463,Down Under (feat. Colin Hay),Down Under,"Luude, Colin Hay",2,Dupla,Drum & Bass,Australia,2021,11,19,2020 em diante,3541,2,252871192,1,19.348390794515268,Médio (100M–300M),71412.36712792996,0.00056481219994351881,3543
3386819,Sobrio,Sobrio,Maluma,1,Solo,Reggaeton,Colombia,2021,7,8,2020 em diante,3506,10,513643924,1,20.0570408284901,Alto (300M–700M),146504.25670279522,0.0028522532800912721,3516
2346155,Leave Before You Love Me (with Jonas Brothers),Leave Before You Love Me,"Marshmello, Jonas Brothers",2,Dupla,Pop,United States,2021,4,28,2020 em diante,4893,4,651732901,1,20.295145374913975,Alto (300M–700M),133196.9959125281,0.00081749437972613941,4897
7298940,Hrs and Hrs,Hrs and Hrs,Muni Long,1,Solo,R&B,United States,2021,11,19,2020 em diante,1800,0,181328253,1,19.015819499215517,Médio (100M–300M),100737.91833333333,0.0,1800
4727736,Better Days (NEIKED x Mae Muller x Polo G),Better Days,"NEIKED, Mae Muller, Polo G",3,Colaboração (3+),Pop,Sweden,2021,9,24,2020 em diante,4091,0,421040617,1,19.858239864427688,Alto (300M–700M),102918.75262771938,0.0,4091
2643038,Every Summertime,Every Summertime,NIKI,1,Solo,R&B,Indonesia,2021,8,10,2020 em diante,1211,2,290228626,1,19.486179535865173,Médio (100M–300M),239660.30222956234,0.0016515276630883566,1213
5555264,Sunroof,Sunroof,"Nicky Youre, Dazy",2,Dupla,Pop,United States,2021,12,3,2020 em diante,3741,17,652704649,1,20.296635286301086,Alto (300M–700M),174473.30900828657,0.0045442395081529,3758
3559931,The Family Madrigal,The Family Madrigal,"Olga Merediz, Stephanie Beatriz, Encanto - Cast",3,Colaboração (3+),Musical,United States,2021,11,19,2020 em diante,1150,0,184937148,1,19.035526584777166,Médio (100M–300M),160814.91130434783,0.0,1150
7403072,happier,happier,Olivia Rodrigo,1,Solo,Pop,United States,2021,5,21,2020 em diante,3069,4,850608354,1,20.561462362038188,Hit (700M+),277161.40566959919,0.0013033561420658195,3073
1289598,deja vu,deja vu,Olivia Rodrigo,1,Solo,Pop rock,United States,2021,4,1,2020 em diante,7545,4,1256880657,1,20.951898819326413,Hit (700M+),166584.58011928431,0.00053015241882041085,7549
5750956,drivers license,drivers license,Olivia Rodrigo,1,Solo,Pop,United States,2021,1,8,2020 em diante,12685,3,1858144199,1,21.342844084122053,Hit (700M+),146483.57895151753,0.00023649980291683091,12688
8835305,"jealousy, jealousy","jealousy, jealousy",Olivia Rodrigo,1,Solo,Pop rock,United States,2021,5,21,2020 em diante,3257,0,665765558,1,20.316448151517818,Alto (300M–700M),204410.67178385018,0.0,3257
8096695,favorite crime,favorite crime,Olivia Rodrigo,1,Solo,Indie pop,United States,2021,5,21,2020 em diante,3681,0,783706581,1,20.479545249333757,Hit (700M+),212905.88997555012,0.0,3681
6554843,good 4 u,good 4 u,Olivia Rodrigo,1,Solo,Pop punk,United States,2021,5,14,2020 em diante,15563,6,1887039593,1,21.358275085094686,Hit (700M+),121251.66054102679,0.0003855297821756731,15569
3739768,Por las Noches,Por las Noches,Peso Pluma,1,Solo,Corridos tumbados,Mexico,2021,6,11,2020 em diante,457,24,330346424,1,19.61565243149888,Alto (300M–700M),722858.69584245072,0.0525164113785558,481
5347552,RAPSTAR,RAPSTAR,Polo G,1,Solo,Heavy metal,United States,2021,4,9,2020 em diante,4731,0,797402345,1,20.49686993371483,Hit (700M+),168548.37138025789,0.0,4731
3393833,Thunder,Thunder,"Prezioso, Gabry Ponte, LUM!X",3,Colaboração (3+),Dance,Italy,2021,5,7,2020 em diante,4846,10,422691058,1,19.862152110830174,Alto (300M–700M),87224.733388361536,0.0020635575732562937,4856
7271843,Friday (feat. Mufasa & Hypeman) - Dopamine Re-Edit,Friday,"Riton, Nightcrawlers, Mufasa & Hypeman, Dopamine",4,Colaboração (3+),House,United Kingdom,2021,1,15,2020 em diante,12043,0,863756573,1,20.576801542858011,Hit (700M+),71722.7080461679,0.0,12043
2003358,Mujeriego,Mujeriego,Ryan Castro,1,Solo,Reggaeton,Colombia,2021,12,17,2020 em diante,1492,0,231996128,1,19.262231239836137,Médio (100M–300M),155493.38337801609,0.0,1492
3076130,Jordan,Jordan,Ryan Castro,1,Solo,Reggaeton,Colombia,2021,4,30,2020 em diante,2844,2,394030335,1,19.791938456684232,Alto (300M–700M),138547.93776371307,0.00070323488045007034,2846
3782910,I Hate U,I Hate U,SZA,1,Solo,R&B,United States,2021,12,3,2020 em diante,4094,0,356709897,1,19.692433395949251,Alto (300M–700M),87129.921104054709,0.0,4094
8360758,Kiss Me More (feat. SZA),Kiss Me More,"SZA, Doja Cat",2,Dupla,Pop,United States,2021,4,9,2020 em diante,15867,0,1575467011,1,21.17781758019278,Hit (700M+),99292.053381231482,0.0,15867
4421880,Tacones Rojos,Tacones Rojos,Sebastian Yatra,1,Solo,Latin pop,Colombia,2021,10,22,2020 em diante,3047,9,510876816,1,20.051639054527985,Alto (300M–700M),167665.5123071874,0.0029537249753856252,3056
7423770,Dos Oruguitas,Dos Oruguitas,Sebastian Yatra,1,Solo,Latin pop,Colombia,2021,11,19,2020 em diante,925,0,167076418,1,18.933961858531735,Médio (100M–300M),180623.15459459458,0.0,925
2011518,Volando - Remix,Volando,"Sech, Bad Bunny, Mora",3,Colaboração (3+),Reggaeton,Panama,2021,7,8,2020 em diante,3272,19,610045621,1,20.229044300859698,Alto (300M–700M),186444.26069682153,0.005806845965770171,3291
4923214,It'll Be Okay,It'll Be Okay,Shawn Mendes,1,Solo,Pop,Canada,2021,12,1,2020 em diante,1950,0,287201015,1,19.475692929254659,Médio (100M–300M),147282.57179487179,0.0,1950
3657141,What Else Can I Do?,What Else Can I Do?,"Stephanie Beatriz, Diane Guerrero",2,Dupla,Musical,United States,2021,11,19,2020 em diante,802,0,154797871,1,18.857630765795349,Médio (100M–300M),193014.80174563592,0.0,802
8641758,Until I Found You,Until I Found You,Stephen Sanchez,1,Solo,Pop,United States,2021,9,1,2020 em diante,4427,4,726434358,1,20.403658683141604,Hit (700M+),164091.79082900385,0.00090354641969731192,4431
8744804,The Feels,The Feels,TWICE,1,Solo,K-pop,South Korea,2021,10,1,2020 em diante,1150,0,345903614,1,19.661670721959204,Alto (300M–700M),300785.75130434782,0.0,1150
6719600,All Too Well (10 Minute Version) (Taylor's Version) (From The Vault),All Too Well,Taylor Swift,1,Solo,Indie folk,United States,2021,11,12,2020 em diante,4635,5,583687007,1,20.184875450203808,Alto (300M–700M),125930.31434735707,0.0010787486515641855,4640
1119309,Take My Breath,Take My Breath,The Weeknd,1,Solo,Synth-pop,Canada,2021,8,6,2020 em diante,2597,0,130655803,1,18.688076965324157,Médio (100M–300M),50310.282248748554,0.0,2597
4586215,Take My Breath,Take My Breath,The Weeknd,1,Solo,Synth-pop,Canada,2021,8,6,2020 em diante,6392,0,432702334,1,19.885560599218003,Alto (300M–700M),67694.357634543179,0.0,6392
7068825,One Right Now (with The Weeknd),One Right Now,"The Weeknd, Post Malone",2,Dupla,Pop rap,United States,2021,11,5,2020 em diante,4771,0,539595276,1,20.10632992762649,Alto (300M–700M),113098.98889121777,0.0,4771
7368008,Moth To A Flame (with The Weeknd),Moth To A Flame,"The Weeknd, Swedish House Mafia",2,Dupla,House,Sweden,2021,10,22,2020 em diante,7495,17,611994237,1,20.232233423765596,Alto (300M–700M),81653.667378252168,0.0022681787858572383,7512
2582262,Bar,Bar,"Tini, L-Gante",2,Dupla,Cumbia,Argentina,2021,11,11,2020 em diante,755,4,200972675,1,19.118679511508322,Médio (100M–300M),266188.9735099338,0.0052980132450331126,759
8465611,The Color Violet,The Color Violet,Tory Lanez,1,Solo,R&B,Canada,2021,12,10,2020 em diante,2585,32,415932686,1,19.846033992632481,Alto (300M–700M),160902.39303675049,0.012379110251450677,2617
7429862,Angel Baby,Angel Baby,Troye Sivan,1,Solo,Pop,Australia,2021,9,9,2020 em diante,1959,9,408843328,1,19.828842579495728,Alto (300M–700M),208700.01429300665,0.0045941807044410417,1968
2726514,DANCE CRIP,DANCE CRIP,Trueno,1,Solo,Argentine trap,Argentina,2021,11,17,2020 em diante,731,0,198883004,1,19.108227290198283,Médio (100M–300M),272069.77291381668,0.0,731
5334385,Salimo de Noche,Salimo de Noche,"Trueno, Tiago pzk",2,Dupla,Latin trap,Argentina,2021,10,21,2020 em diante,1057,0,261414174,1,19.381616581096754,Médio (100M–300M),247317.09933774834,0.0,1057
3521113,Christmas Tree,Christmas Tree,V,1,Solo,K-pop,South Korea,2021,12,24,2020 em diante,509,9,317622165,1,19.576373073944932,Alto (300M–700M),624012.111984283,0.01768172888015717,518
5615912,La Bebe,La Bebe,Yng Lvcas,1,Solo,Reggaeton,Mexico,2021,12,24,2020 em diante,489,17,191945597,1,19.072722540882822,Médio (100M–300M),392526.78323108383,0.034764826175869123,506
7691321,Nxde,Nxde,(G)I-DLE,1,Solo,K-pop,South Korea,2022,10,17,2020 em diante,430,6,170709584,1,18.955474331472704,Médio (100M–300M),396999.03255813953,0.013953488372093023,436
4464368,thought i was playing,thought i was playing,"21 Savage, Gunna",2,Dupla,Trap,United States,2022,1,7,2020 em diante,807,0,60680939,1,17.921140186945838,Baixo (até 100M),75193.232961586124,0.0,807
4004325,Obsessed,Obsessed,"Abhijay Sharma, Riar Saab",2,Dupla,Punjabi pop,India,2022,9,29,2020 em diante,161,6,71007139,1,18.078290979246624,Baixo (até 100M),441038.13043478259,0.037267080745341616,167
3381390,Tak Segampang Itu,Tak Segampang Itu,Anggi Marito,1,Solo,Pop,Indonesia,2022,12,2,2020 em diante,213,6,179659294,1,19.006572804112729,Médio (100M–300M),843470.86384976527,0.028169014084507043,219
5565096,La Loto,La Loto,"Anitta, Tini, Becky G",3,Colaboração (3+),Latin pop,Brazil,2022,7,6,2020 em diante,945,0,121189256,1,18.612863980805436,Médio (100M–300M),128242.59894179895,0.0,945
1443757,La Jumpa,La Jumpa,"Arcangel, Bad Bunny",2,Dupla,Latin trap,Puerto Rico,2022,11,30,2020 em diante,3794,34,538115192,1,20.103583206731621,Alto (300M–700M),141833.2082235108,0.0089615181866104371,3828
7021208,"Apna Bana Le (From ""Bhediya"")",Apna Bana Le,"Arijit Singh, Sachin-Jigar",2,Dupla,Bollywood,India,2022,11,5,2020 em diante,86,0,139836056,1,18.755981265812441,Médio (100M–300M),1626000.6511627906,0.0,86
6602768,Jhoome Jo Pathaan,Jhoome Jo Pathaan,"Arijit Singh, Vishal Dadlani, Sukriti Kakar, Vishal-Shekhar, Shekhar Ravjiani, Kumaar",6,Colaboração (3+),Bollywood,India,2022,12,22,2020 em diante,138,4,1365184,1,14.12679977605149,Baixo (até 100M),9892.63768115942,0.028985507246376812,142
3284752,BILLIE EILISH.,BILLIE EILISH.,Armani White,1,Solo,Heavy metal,United States,2022,1,20,2020 em diante,2537,0,277132266,1,19.440005444772186,Médio (100M–300M),109236.21048482459,0.0,2537
3108040,Still Life,Still Life,BIGBANG,1,Solo,K-pop,South Korea,2022,4,5,2020 em diante,181,0,53909146,1,17.802810706085534,Baixo (até 100M),297840.58563535911,0.0,181
5904115,Shut Down,Shut Down,BLACKPINK,1,Solo,K-pop,South Korea,2022,9,16,2020 em diante,1524,17,482175240,1,19.993818174404606,Alto (300M–700M),316387.95275590551,0.011154855643044619,1541
2122853,Pink Venom,Pink Venom,BLACKPINK,1,Solo,K-pop,South Korea,2022,8,19,2020 em diante,1963,16,551305895,1,20.127800376410416,Alto (300M–700M),280848.64747834945,0.00815078960774325,1979
5095829,Typa Girl,Typa Girl,BLACKPINK,1,Solo,K-pop,South Korea,2022,9,16,2020 em diante,452,10,235549288,1,19.277430740392955,Médio (100M–300M),521126.74336283188,0.022123893805309734,462
4618597,For Youth,For Youth,BTS,1,Solo,K-pop,South Korea,2022,6,10,2020 em diante,327,0,114546317,1,18.55648981444816,Médio (100M–300M),350294.54740061163,0.0,327
4845139,Born Singer,Born Singer,BTS,1,Solo,K-pop,South Korea,2022,6,10,2020 em diante,279,0,79095270,1,18.186163633225526,Baixo (até 100M),283495.59139784944,0.0,279
5477581,Run BTS,Run BTS,BTS,1,Solo,K-pop,South Korea,2022,6,10,2020 em diante,736,0,330881149,1,19.617269802396283,Alto (300M–700M),449566.7785326087,0.0,736
4070434,Yet To Come,Yet To Come,BTS,1,Solo,K-pop,South Korea,2022,6,10,2020 em diante,829,0,302006641,1,19.525959565163593,Alto (300M–700M),364302.34137515078,0.0,829
4978027,Dreamers [Music from the FIFA World Cup Qatar 2022 Official Soundtrack],Dreamers,"BTS, Jung Kook, FIFA Sound",3,Colaboração (3+),K-pop,South Korea,2022,11,20,2020 em diante,889,20,323358833,1,19.594273202632369,Alto (300M–700M),363733.22047244094,0.022497187851518559,909
3380441,Belly Dancer,Belly Dancer,"BYOR, Imanbek",2,Dupla,EDM,Kazakhstan,2022,2,18,2020 em diante,5115,13,383835984,1,19.765725894308137,Alto (300M–700M),75041.248093841641,0.002541544477028348,5128
5526636,PUNTO 40,PUNTO 40,"Baby Rasta, Rauw Alejandro",2,Dupla,Reggaeton,Puerto Rico,2022,9,22,2020 em diante,3006,12,304079786,1,19.53280067888285,Alto (300M–700M),101157.61343978709,0.0039920159680638719,3018
1532080,Dos Mil 16,Dos Mil 16,Bad Bunny,1,Solo,Reggaeton,Puerto Rico,2022,5,6,2020 em diante,892,3,338422004,1,19.639804207223058,Alto (300M–700M),379396.865470852,0.0033632286995515697,895
4764570,Yo No Soy Celoso,Yo No Soy Celoso,Bad Bunny,1,Solo,Reggaeton,Puerto Rico,2022,5,6,2020 em diante,1179,0,313113297,1,19.562075654254645,Alto (300M–700M),265575.31552162848,0.0,1179
2786767,Un Ratito,Un Ratito,Bad Bunny,1,Solo,Reggaeton,Puerto Rico,2022,5,6,2020 em diante,1112,6,417230415,1,19.849149181118182,Alto (300M–700M),375207.207733813,0.00539568345323741,1118
4940529,Agosto,Agosto,Bad Bunny,1,Solo,Reggaeton,Puerto Rico,2022,5,6,2020 em diante,897,0,246127838,1,19.321361625583343,Médio (100M–300M),274390.00891861762,0.0,897
2166194,Un Coco,Un Coco,Bad Bunny,1,Solo,Reggaeton,Puerto Rico,2022,5,6,2020 em diante,1029,28,403231558,1,19.815021540507793,Alto (300M–700M),391867.40330417879,0.027210884353741496,1057
1459555,Moscow Mule,Moscow Mule,Bad Bunny,1,Solo,Reggaeton,Puerto Rico,2022,5,6,2020 em diante,4572,33,909001996,1,20.627857847958925,Hit (700M+),198819.33420822397,0.0072178477690288713,4605
6133453,Neverita,Neverita,Bad Bunny,1,Solo,Reggaeton,Puerto Rico,2022,5,6,2020 em diante,2590,30,671365962,1,20.324824944174132,Alto (300M–700M),259214.65714285715,0.011583011583011582,2620
5617904,Me Fui de Vacaciones,Me Fui de Vacaciones,Bad Bunny,1,Solo,Reggaeton,Puerto Rico,2022,5,6,2020 em diante,1443,0,305650299,1,19.537952192681619,Alto (300M–700M),211815.869022869,0.0,1443
1633065,Aguacero,Aguacero,Bad Bunny,1,Solo,Reggaeton,Puerto Rico,2022,5,6,2020 em diante,829,0,283359161,1,19.462225771096616,Médio (100M–300M),341808.39686369122,0.0,829
8457557,Un Verano Sin Ti,Un Verano Sin Ti,Bad Bunny,1,Solo,Reggaeton,Puerto Rico,2022,5,6,2020 em diante,1004,1,283332261,1,19.462130834067484,Médio (100M–300M),282203.44721115538,0.00099601593625498,1005
1621586,Efecto,Efecto,Bad Bunny,1,Solo,Reggaeton,Puerto Rico,2022,5,6,2020 em diante,4004,33,1047480053,1,20.769653167097157,Hit (700M+),261608.40484515484,0.008241758241758242,4037
4662762,Tarot,Tarot,"Bad Bunny, Jhay Cortez",2,Dupla,Reggaeton,Puerto Rico,2022,5,6,2020 em diante,2482,20,608228647,1,20.226061433380782,Alto (300M–700M),245055.86099919421,0.008058017727639,2502
3341212,Party,Party,"Bad Bunny, Rauw Alejandro",2,Dupla,Reggaeton,Puerto Rico,2022,5,6,2020 em diante,3185,4,614555082,1,20.236409120056535,Alto (300M–700M),192952.92998430142,0.0012558869701726845,3189
5165382,I'm Good (Blue),I'm Good,"Bebe Rexha, David Guetta",2,Dupla,Dance,United States,2022,8,26,2020 em diante,12482,80,1109433169,1,20.827115063281607,Hit (700M+),88882.6445281205,0.0064092292901778564,12562
3469822,Gatita,Gatita,Bellakath,1,Solo,Reggaeton,Mexico,2022,10,3,2020 em diante,1054,0,168684524,1,18.943540806497211,Médio (100M–300M),160042.24288425047,0.0,1054
4627428,In The Stars,In The Stars,Benson Boone,1,Solo,Pop,United States,2022,4,29,2020 em diante,2224,8,382199619,1,19.761453592909668,Alto (300M–700M),171852.34667266186,0.0035971223021582736,2232
1239958,TV,TV,Billie Eilish,1,Solo,Indie pop,United States,2022,7,21,2020 em diante,3009,2,338564981,1,19.640226599396893,Alto (300M–700M),112517.44134263875,0.0006646726487205051,3011
4487193,"Paulo Londra: Bzrp Music Sessions, Vol. 23","Paulo Londra: Bzrp Music Sessions, Vol. 23","Bizarrap, Paulo Londra",2,Dupla,Latin trap,Argentina,2022,4,25,2020 em diante,928,0,164163229,1,18.916371789587537,Médio (100M–300M),176900.03125,0.0,928
4431554,"Quevedo: Bzrp Music Sessions, Vol. 52","Quevedo: Bzrp Music Sessions, Vol. 52","Bizarrap, Quevedo",2,Dupla,Latin trap,Argentina,2022,7,6,2020 em diante,8506,45,1356565093,1,21.028221674905335,Hit (700M+),159483.31683517518,0.0052903832588760873,8551
4012549,"Villano Antillano: Bzrp Music Sessions, Vol. 51","Villano Antillano: Bzrp Music Sessions, Vol. 51","Bizarrap, Villano Antillano",2,Dupla,Latin trap,Puerto Rico,2022,6,8,2020 em diante,1401,0,248511839,1,19.331001044217228,Médio (100M–300M),177381.75517487508,0.0,1401
4830246,IDGAF (with blackbear),IDGAF,"Blackbear, BoyWithUke",2,Dupla,Indie pop,United States,2022,3,18,2020 em diante,625,0,197643795,1,19.101976953336102,Médio (100M–300M),316230.072,0.0,625
1035366,LOKERA,LOKERA,"Brray, Rauw Alejandro, Lyanno",3,Colaboração (3+),Reggaeton,Puerto Rico,2022,7,25,2020 em diante,3301,30,471819764,1,19.972107614692085,Alto (300M–700M),142932.3732202363,0.0090881551045137836,3331
8555295,Last Last,Last Last,Burna Boy,1,Solo,Afrobeats,Nigeria,2022,5,12,2020 em diante,4526,12,293466523,1,19.497274129398146,Médio (100M–300M),64840.150905877155,0.0026513477684489617,4538
6728037,Alone,Alone,Burna Boy,1,Solo,Afrobeats,Nigeria,2022,11,4,2020 em diante,782,2,96007391,1,18.3799357360519,Baixo (até 100M),122771.59974424553,0.0025575447570332483,784
5848183,Andrea,Andrea,"Buscabulla, Bad Bunny",2,Dupla,Latin indie,Puerto Rico,2022,5,6,2020 em diante,1195,0,344055883,1,19.656314652725403,Alto (300M–700M),287912.8728033473,0.0,1195
3169976,Potion (with Dua Lipa & Young Thug),Potion,"Calvin Harris, Dua Lipa, Young Thug",3,Colaboração (3+),Dance,United Kingdom,2022,5,27,2020 em diante,3983,0,190625045,1,19.065818941391495,Médio (100M–300M),47859.664825508407,0.0,3983
2489568,"Stay With Me (with Justin Timberlake, Halsey, & Pharrell)",Stay With Me,"Calvin Harris, Halsey, Pharrell Williams, Justin Timberlake",4,Colaboração (3+),Dance,United Kingdom,2022,7,15,2020 em diante,3113,0,123473120,1,18.631534038520847,Médio (100M–300M),39663.707035014457,0.0,3113
7860258,Bam Bam (feat. Ed Sheeran),Bam Bam,"Camila Cabello, Ed Sheeran",2,Dupla,Latin pop,Cuba,2022,3,4,2020 em diante,6111,4,756907987,1,20.444752254476331,Hit (700M+),123859.9225985927,0.00065455735558828337,6115
6130665,psychofreak (feat. WILLOW),psychofreak,"Camila Cabello, Willow",2,Dupla,Alternative pop,United States,2022,4,7,2020 em diante,918,0,75476209,1,18.139328051978069,Baixo (até 100M),82218.0925925926,0.0,918
2698226,Primera Cita,Primera Cita,Carin Leon,1,Solo,Regional Mexican,Mexico,2022,4,20,2020 em diante,266,27,77309611,1,18.1633288395934,Baixo (até 100M),290637.63533834589,0.10150375939849623,293
8110201,Que Vuelvas,Que Vuelvas,"Carin Leon, Grupo Frontera",2,Dupla,Regional Mexican,Mexico,2022,12,9,2020 em diante,763,26,2762,1,7.9237103339692379,Baixo (até 100M),3.6199213630406293,0.034076015727391877,789
5073649,LET GO,LET GO,Central Cee,1,Solo,UK drill,United Kingdom,2022,12,15,2020 em diante,2301,20,298063749,1,19.512817944410248,Médio (100M–300M),129536.61408083442,0.0086918730986527588,2321
2865125,Doja,Doja,Central Cee,1,Solo,UK drill,United Kingdom,2022,7,20,2020 em diante,4169,44,482257456,1,19.993988670491145,Alto (300M–700M),115677.01031422404,0.010554089709762533,4213
7120733,Light Switch,Light Switch,Charlie Puth,1,Solo,Pop,United States,2022,1,19,2020 em diante,4049,0,500340342,1,20.030799108826187,Alto (300M–700M),123571.33662632749,0.0,4049
6116514,That's Hilarious,That's Hilarious,Charlie Puth,1,Solo,Pop,United States,2022,4,8,2020 em diante,686,2,146363130,1,18.801601283511097,Médio (100M–300M),213357.33236151605,0.0029154518950437317,688
2577311,Left and Right (Feat. Jung Kook of BTS),Left and Right,"Charlie Puth, BTS, Jung Kook",3,Colaboração (3+),Pop,United States,2022,6,24,2020 em diante,3107,39,720434240,1,20.395364699287072,Hit (700M+),231874.55423237849,0.012552301255230125,3146
3331159,Me Porto Bonito,Me Porto Bonito,"Chencho Corleone, Bad Bunny",2,Dupla,Reggaeton,Puerto Rico,2022,5,6,2020 em diante,8870,43,1440757818,1,21.088435074606775,Hit (700M+),162430.41916572716,0.0048478015783540024,8913
2153574,Ya No Somos Ni Seremos,Ya No Somos Ni Seremos,Christian Nodal,1,Solo,Regional Mexican,Mexico,2022,2,18,2020 em diante,866,16,319757142,1,19.583072334373934,Alto (300M–700M),369234.57505773671,0.018475750577367205,882
7137376,Players,Players,Coi Leray,1,Solo,Heavy metal,United States,2022,11,30,2020 em diante,4096,6,335074782,1,19.629864294728012,Alto (300M–700M),81805.36669921875,0.00146484375,4102
6055373,Evoque Prata,Evoque Prata,"DJ Escobar, MC MENOR SG, MC MENOR HR",3,Colaboração (3+),Brazilian funk,Brazil,2022,9,9,2020 em diante,852,0,174006928,1,18.974605672478116,Médio (100M–300M),204233.48356807511,0.0,852
7724259,Fuera del mercado,Fuera del mercado,Danny Ocean,1,Solo,Latin pop,Venezuela,2022,2,17,2020 em diante,2499,21,421365166,1,19.859010393364233,Alto (300M–700M),168613.5118047219,0.0084033613445378148,2520
5701355,Starlight,Starlight,Dave,1,Solo,UK rap,United Kingdom,2022,3,3,2020 em diante,1856,3,229473310,1,19.251297284405638,Médio (100M–300M),123638.63685344828,0.0016163793103448276,1859
4342968,Crazy What Love Can Do,Crazy What Love Can Do,"David Guetta, Ella Henderson, Becky Hill",3,Colaboração (3+),Dance,France,2022,3,18,2020 em diante,5290,0,286739476,1,19.474084612341233,Médio (100M–300M),54204.059735349714,0.0,5290
2773298,Don't You Worry,Don't You Worry,"David Guetta, Shakira, Black Eyed Peas",3,Colaboração (3+),Pop,France,2022,6,16,2020 em diante,2442,0,240918092,1,19.29996756646706,Médio (100M–300M),98656.057330057331,0.0,2442
8715137,Miserable Man,Miserable Man,David Kushner,1,Solo,Indie pop,United States,2022,1,7,2020 em diante,788,0,124407432,1,18.6390724792501,Médio (100M–300M),157877.45177664974,0.0,788
3841850,Si Quieren Frontear,Si Quieren Frontear,"De La Ghetto, Duki, Quevedo",3,Colaboração (3+),Latin trap,Puerto Rico,2022,3,31,2020 em diante,859,0,178512385,1,19.000168540530527,Médio (100M–300M),207814.18509895226,0.0,859
8090551,ULTRA SOLO REMIX,ULTRA SOLO REMIX,"De La Ghetto, Feid, Polima WestCoast, Paloma Mami, Pailita",5,Colaboração (3+),Latin trap,Chile,2022,6,16,2020 em diante,2341,0,279717388,1,19.449290322847002,Médio (100M–300M),119486.28278513456,0.0,2341
8803071,How Do I Say Goodbye,How Do I Say Goodbye,Dean Lewis,1,Solo,Pop,Australia,2022,8,5,2020 em diante,2163,15,284785823,1,19.467247957470956,Médio (100M–300M),131662.42394822006,0.0069348127600554789,2178
7321459,Vegas (From the Original Motion Picture Soundtrack ELVIS),Vegas,Doja Cat,1,Solo,Hip-hop,United States,2022,5,6,2020 em diante,4576,0,448500832,1,19.921421094533869,Alto (300M–700M),98011.545454545456,0.0,4576
1906058,Boyfriend,Boyfriend,Dove Cameron,1,Solo,Pop,United States,2022,2,11,2020 em diante,3766,0,496311364,1,20.022714037736591,Alto (300M–700M),131787.40414232606,0.0,3766
6670857,Sticky,Sticky,Drake,1,Solo,Heavy metal,Canada,2022,6,17,2020 em diante,2814,0,191448892,1,19.070131448458973,Médio (100M–300M),68034.432125088846,0.0,2814
3108815,BackOutsideBoyz,BackOutsideBoyz,Drake,1,Solo,Heavy metal,Canada,2022,11,4,2020 em diante,1045,0,93367537,1,18.352054273189612,Baixo (até 100M),89346.925358851673,0.0,1045
7531207,Massive,Massive,Drake,1,Solo,House,Canada,2022,6,17,2020 em diante,5263,0,195628667,1,19.091728864130928,Médio (100M–300M),37170.5618468554,0.0,5263
8174233,Broke Boys,Broke Boys,"Drake, 21 Savage",2,Dupla,Heavy metal,Canada,2022,11,4,2020 em diante,1060,0,106249219,1,18.481298015153548,Médio (100M–300M),100235.11226415094,0.0,1060
3506706,Circo Loco,Circo Loco,"Drake, 21 Savage",2,Dupla,Heavy metal,Canada,2022,11,4,2020 em diante,1794,0,141720999,1,18.769370887047625,Médio (100M–300M),78997.212374581941,0.0,1794
4604858,Rich Flex,Rich Flex,"Drake, 21 Savage",2,Dupla,Heavy metal,Canada,2022,11,4,2020 em diante,4657,18,573633020,1,20.167500411841068,Alto (300M–700M),123176.51277646553,0.0038651492377066781,4675
3007244,Jimmy Cooks (feat. 21 Savage),Jimmy Cooks,"Drake, 21 Savage",2,Dupla,Hip-hop,Canada,2022,6,17,2020 em diante,5871,27,618885532,1,20.243430889477224,Alto (300M–700M),105413.98943961847,0.0045988758303525806,5898
4322356,Privileged Rappers,Privileged Rappers,"Drake, 21 Savage",2,Dupla,Heavy metal,Canada,2022,11,4,2020 em diante,1007,0,112436403,1,18.537898313096026,Médio (100M–300M),111654.81926514399,0.0,1007
5974857,Major Distribution,Major Distribution,"Drake, 21 Savage",2,Dupla,Heavy metal,Canada,2022,11,4,2020 em diante,1545,0,154863153,1,18.858052401041039,Médio (100M–300M),100235.05048543689,0.0,1545
1438195,Spin Bout U,Spin Bout U,"Drake, 21 Savage",2,Dupla,Heavy metal,Canada,2022,11,4,2020 em diante,1652,2,198365537,1,19.105622033089553,Médio (100M–300M),120075.99092009685,0.0012106537530266344,1654
3035987,On BS,On BS,"Drake, 21 Savage",2,Dupla,Heavy metal,Canada,2022,11,4,2020 em diante,1338,0,170413877,1,18.953740606837041,Médio (100M–300M),127364.63153961136,0.0,1338
6485441,STAYING ALIVE (feat. Drake & Lil Baby),STAYING ALIVE,"Drake, DJ Khaled, Lil Baby",3,Colaboração (3+),Heavy metal,United States,2022,8,5,2020 em diante,2107,0,170732845,1,18.955610582846642,Médio (100M–300M),81031.250593260556,0.0,2107
3827734,WAIT FOR U (feat. Drake & Tems),WAIT FOR U,"Drake, Future, Tems",3,Colaboração (3+),Hip-hop,United States,2022,4,27,2020 em diante,5491,14,556585270,1,20.137330942458664,Alto (300M–700M),101363.18885448917,0.0025496266618102348,5505
2598352,Pussy & Millions (feat. Travis Scott),Pussy & Millions,"Drake, Travis Scott, 21 Savage",3,Colaboração (3+),Heavy metal,Canada,2022,11,4,2020 em diante,1930,0,191333656,1,19.069529352025459,Médio (100M–300M),99136.609326424878,0.0,1930
1904497,Sweetest Pie,Sweetest Pie,"Dua Lipa, Megan Thee Stallion",2,Dupla,Pop rap,United Kingdom,2022,3,11,2020 em diante,3501,0,299634472,1,19.51807386306854,Médio (100M–300M),85585.396172522131,0.0,3501
5141433,Antes de Perderte,Antes de Perderte,Duki,1,Solo,Latin trap,Argentina,2022,6,2,2020 em diante,584,8,157136970,1,18.872628403357279,Médio (100M–300M),269070.15410958906,0.0136986301369863,592
5686736,GIVENCHY,GIVENCHY,Duki,1,Solo,Latin trap,Argentina,2022,7,20,2020 em diante,625,4,185236961,1,19.03714643369835,Médio (100M–300M),296379.1376,0.0064,629
8001796,Marisola - Remix,Marisola,"Duki, NICKI NICOLE, Cris Mj, Standly, Stars Music Chile",5,Colaboração (3+),Latin trap,Argentina,2022,12,15,2020 em diante,1845,16,223582566,1,19.22529132661688,Médio (100M–300M),121182.96260162602,0.0086720867208672087,1861
7822780,Blessed-Cursed,Blessed,ENHYPEN,1,Solo,K-pop,South Korea,2022,1,10,2020 em diante,246,0,77337771,1,18.163693022936787,Baixo (até 100M),314381.18292682926,0.0,246
4064553,Polaroid Love,Polaroid Love,ENHYPEN,1,Solo,K-pop,South Korea,2022,1,10,2020 em diante,461,0,211372494,1,19.169132509406058,Médio (100M–300M),458508.66377440345,0.0,461
3533833,Celestial,Celestial,Ed Sheeran,1,Solo,Pop,United Kingdom,2022,9,29,2020 em diante,1639,0,176474912,1,18.988689282591487,Médio (100M–300M),107672.30750457596,0.0,1639
1130135,The Joker And The Queen (feat. Taylor Swift),The Joker And The Queen,"Ed Sheeran, Taylor Swift",2,Dupla,Pop,United Kingdom,2022,2,11,2020 em diante,1430,0,146789379,1,18.804509321391052,Médio (100M–300M),102649.91538461538,0.0,1430
6744187,En Paris,En Paris,"El Chachito, Junior H",2,Dupla,Corridos tumbados,Mexico,2022,12,24,2020 em diante,406,5,198275403,1,19.10516754646217,Médio (100M–300M),488363.06157635467,0.012315270935960592,411
3923724,Numb Little Bug,Numb Little Bug,Em Beihold,1,Solo,Pop,United States,2022,1,28,2020 em diante,2026,0,258714692,1,19.371236437194234,Médio (100M–300M),127697.28134254689,0.0,2026
7680579,Until I Found You (with Em Beihold) - Em Beihold Version,Until I Found You,"Em Beihold, Stephen Sanchez",2,Dupla,Pop,United States,2022,4,22,2020 em diante,2790,30,600976848,1,20.214066969294912,Alto (300M–700M),215403.88817204302,0.010752688172043012,2820
7165052,Gospel (with Eminem),Gospel,"Eminem, Dr. Dre",2,Dupla,Heavy metal,United States,2022,2,4,2020 em diante,1040,0,64787943,1,17.986630079195482,Baixo (até 100M),62296.099038461536,0.0,1040
2939499,Ferxxo 100,Ferxxo 100,Feid,1,Solo,Reggaeton,Colombia,2022,6,3,2020 em diante,1647,30,278920007,1,19.446435585413887,Médio (100M–300M),169350.33819064967,0.018214936247723135,1677
5283123,Prohibidox,Prohibidox,Feid,1,Solo,Reggaeton,Colombia,2022,9,13,2020 em diante,1473,12,185392587,1,19.037986226477884,Médio (100M–300M),125860.54786150713,0.0081466395112016286,1485
1054764,CHORRITO PA LAS ANIMAS,CHORRITO PA LAS ANIMAS,Feid,1,Solo,Reggaeton,Colombia,2022,12,2,2020 em diante,2321,36,345031710,1,19.659146883815367,Alto (300M–700M),148656.48858250753,0.015510555794915984,2357
6286315,Normal,Normal,Feid,1,Solo,Reggaeton,Colombia,2022,7,8,2020 em diante,2461,36,459276435,1,19.945162841644077,Alto (300M–700M),186621.8752539618,0.014628199918732222,2497
7512111,Lady Mi Amor,Lady Mi Amor,Feid,1,Solo,Reggaeton,Colombia,2022,9,13,2020 em diante,330,0,53987404,1,17.804261318060117,Baixo (até 100M),163598.19393939394,0.0,330
7500786,Pantysito,Pantysito,"Feid, Alejo, Robi",3,Colaboração (3+),Reggaeton,Colombia,2022,3,18,2020 em diante,2995,0,273005485,1,19.425002444522491,Médio (100M–300M),91153.751252086819,0.0,2995
7402588,LA INOCENTE,LA INOCENTE,"Feid, Mora",2,Dupla,Reggaeton,Colombia,2022,4,1,2020 em diante,2598,37,477033549,1,19.983097379712675,Alto (300M–700M),183615.68475750578,0.01424172440338722,2635
8553734,A Veces (feat. Feid),A Veces,"Feid, Paulo Londra",2,Dupla,Latin trap,Argentina,2022,11,3,2020 em diante,573,0,73513683,1,18.11298211012214,Baixo (até 100M),128296.13089005236,0.0,573
6773043,En La De Ella,En La De Ella,"Feid, Sech, Jhayco",3,Colaboração (3+),Reggaeton,Colombia,2022,10,20,2020 em diante,1320,0,133895612,1,18.712571039400007,Médio (100M–300M),101436.0696969697,0.0,1320
6026926,BABY OTAKU,BABY OTAKU,"Fran C, Polima WestCoast, Nickoog Clk, Pablito Pesadilla",4,Colaboração (3+),Chilean trap,Chile,2022,8,18,2020 em diante,836,0,159240673,1,18.885927282412503,Médio (100M–300M),190479.27392344497,0.0,836
6640464,Limbo,Limbo,Freddie Dredd,1,Solo,Phonk,Canada,2022,8,11,2020 em diante,688,0,199386237,1,19.110754391043681,Médio (100M–300M),289805.57703488372,0.0,688
4031115,Bebe Dame,Bebe Dame,"Fuerza Regida, Grupo Frontera",2,Dupla,Regional Mexican,United States,2022,12,16,2020 em diante,849,22,367316268,1,19.721733800579575,Alto (300M–700M),432645.78091872792,0.02591283863368669,871
6794169,Ch y la Pizza,Ch y la Pizza,"Fuerza Regida, Natanael Cano",2,Dupla,Corridos tumbados,United States,2022,12,1,2020 em diante,536,10,288101651,1,19.478823930687415,Médio (100M–300M),537503.08022388059,0.018656716417910446,546
3434265,Worst Day,Worst Day,Future,1,Solo,Trap,United States,2022,2,11,2020 em diante,910,0,50746620,1,17.742355572683007,Baixo (até 100M),55765.516483516483,0.0,910
1545230,PUFFIN ON ZOOTIEZ,PUFFIN ON ZOOTIEZ,Future,1,Solo,Trap,United States,2022,4,29,2020 em diante,2350,0,254218729,1,19.353705592211657,Médio (100M–300M),108178.18255319149,0.0,2350
3512881,Superhero (Heroes & Villains) [with Future & Chris Brown],Superhero,"Future, Chris Brown, Metro Boomin",3,Colaboração (3+),Trap,United States,2022,12,2,2020 em diante,2959,16,401036314,1,19.809562539774152,Alto (300M–700M),135531.02872592091,0.0054072321730314291,2975
2540650,Too Many Nights (feat. Don Toliver & with Future),Too Many Nights,"Future, Metro Boomin, Don Toliver",3,Colaboração (3+),Trap,United States,2022,12,2,2020 em diante,2110,58,286400165,1,19.472900569167916,Médio (100M–300M),135734.67535545025,0.027488151658767772,2168
3132809,No Se Va,No Se Va,Grupo Frontera,1,Solo,Regional Mexican,United States,2022,4,28,2020 em diante,924,18,404887295,1,19.819119302392032,Alto (300M–700M),438189.71320346318,0.01948051948051948,942
6364406,El Rescate,El Rescate,"Grupo Marca Registrada, Junior H",2,Dupla,Regional Mexican,Mexico,2022,7,22,2020 em diante,527,4,287278853,1,19.47596391525369,Médio (100M–300M),545121.16318785574,0.0075901328273244783,531
6457168,25k jacket (feat. Lil Baby),25k jacket,"Gunna, Lil Baby",2,Dupla,Trap,United States,2022,1,7,2020 em diante,620,0,54937991,1,17.821715670798628,Baixo (até 100M),88609.6629032258,0.0,620
4794318,Eu Gosto Assim - Ao Vivo,Eu Gosto Assim,"Gustavo Mioto, Mari Fernandez",2,Dupla,Sertanejo,Brazil,2022,9,16,2020 em diante,1473,4,222612678,1,19.220943949361789,Médio (100M–300M),151128.7698574338,0.0027155465037338763,1477
8272175,With you,With you,"HA SUNG WOON, Jimin",2,Dupla,K-pop,South Korea,2022,4,24,2020 em diante,343,2,240580042,1,19.29856340710829,Médio (100M–300M),701399.53935860062,0.0058309037900874635,345
2230668,So Good,So Good,Halsey,1,Solo,Pop,United States,2022,6,9,2020 em diante,1057,0,91781263,1,18.334918728004286,Baixo (até 100M),86831.8476821192,0.0,1057
2135563,Late Night Talking,Late Night Talking,Harry Styles,1,Solo,Pop,United Kingdom,2022,5,20,2020 em diante,7461,8,743693613,1,20.427139697496273,Hit (700M+),99677.471250502611,0.0010722423267658491,7469
3197174,As It Was,As It Was,Harry Styles,1,Solo,Pop,United Kingdom,2022,3,31,2020 em diante,23575,130,2513188493,1,21.644818099857723,Hit (700M+),106603.96576882291,0.0055143160127253442,23705
5154676,Matilda,Matilda,Harry Styles,1,Solo,Pop,United Kingdom,2022,5,20,2020 em diante,3218,3,366214458,1,19.718729670583162,Alto (300M–700M),113801.88253573648,0.00093225605966438781,3221
2079115,Keep Driving,Keep Driving,Harry Styles,1,Solo,Pop,United Kingdom,2022,5,20,2020 em diante,2094,1,236060709,1,19.279599571434378,Médio (100M–300M),112731.95272206304,0.00047755491881566379,2095
1436447,Daylight,Daylight,Harry Styles,1,Solo,Indie pop,United States,2022,5,20,2020 em diante,2775,0,290833204,1,19.488260478673507,Médio (100M–300M),104804.75819819819,0.0,2775
7697062,Cinema,Cinema,Harry Styles,1,Solo,Pop,United Kingdom,2022,5,20,2020 em diante,2171,0,189236868,1,19.058510058178086,Médio (100M–300M),87165.761400276373,0.0,2171
6193307,Love Of My Life,Love Of My Life,Harry Styles,1,Solo,Pop,United Kingdom,2022,5,20,2020 em diante,1933,0,233671263,1,19.26942582660805,Médio (100M–300M),120885.28867046042,0.0,1933
2307433,Little Freak,Little Freak,Harry Styles,1,Solo,Pop,United Kingdom,2022,5,20,2020 em diante,2302,0,273194684,1,19.425695227199267,Médio (100M–300M),118677.09991311903,0.0,2302
4505539,Satellite,Satellite,Harry Styles,1,Solo,Pop,United Kingdom,2022,5,20,2020 em diante,3291,5,311482393,1,19.556853371319804,Alto (300M–700M),94646.731388635671,0.0015192950470981465,3296
8507943,Grapejuice,Grapejuice,Harry Styles,1,Solo,Pop,United Kingdom,2022,5,20,2020 em diante,1986,0,199587884,1,19.111765218596428,Médio (100M–300M),100497.42396777442,0.0,1986
1041777,Music For a Sushi Restaurant,Music For a Sushi Restaurant,Harry Styles,1,Solo,Pop,United Kingdom,2022,5,20,2020 em diante,4449,1,334733572,1,19.628845465901893,Alto (300M–700M),75237.934816812762,0.00022476961114857271,4450
7543802,Daydreaming,Daydreaming,Harry Styles,1,Solo,Pop,United Kingdom,2022,5,20,2020 em diante,1900,1,187703102,1,19.050372027792047,Médio (100M–300M),98791.106315789468,0.0005263157894736842,1901
4671002,Boyfriends,Boyfriends,Harry Styles,1,Solo,Pop,United Kingdom,2022,5,20,2020 em diante,1517,0,137070925,1,18.736009050561535,Médio (100M–300M),90356.575477916937,0.0,1517
7662363,Shut up My Moms Calling - (Sped Up),Shut up My Moms Calling,Hotel Ugly,1,Solo,Indie pop,United States,2022,9,14,2020 em diante,713,7,181831132,1,19.018588968171535,Médio (100M–300M),255022.6255259467,0.0098176718092566617,720
8055412,LOVE DIVE,LOVE DIVE,IVE,1,Solo,K-pop,South Korea,2022,4,5,2020 em diante,753,8,305771063,1,19.538347219774476,Alto (300M–700M),406070.46879150067,0.010624169986719787,761
2357691,After LIKE,After LIKE,IVE,1,Solo,K-pop,South Korea,2022,8,22,2020 em diante,767,12,265548837,1,19.397309325233561,Médio (100M–300M),346217.518904824,0.015645371577574969,779
4130067,B.O.T.A. (Baddest Of Them All) - Edit,B.O.T.A.,"Interplanetary Criminal, Eliza Rose",2,Dupla,House,United Kingdom,2022,6,15,2020 em diante,5153,6,244585109,1,19.315073900378046,Médio (100M–300M),47464.604890355135,0.0011643702697457792,5159
7204092,Bombonzinho - Ao Vivo,Bombonzinho,"Israel & Rodolffo, Ana Castela",2,Dupla,Sertanejo,Brazil,2022,11,3,2020 em diante,1254,6,263453310,1,19.38938671859454,Médio (100M–300M),210090.35885167465,0.0047846889952153108,1260
3183051,golden hour,golden hour,JVKE,1,Solo,Pop,United States,2022,7,15,2020 em diante,4511,36,751134527,1,20.437095324179133,Hit (700M+),166511.75504322766,0.0079804921303480384,4547
6347306,Dua Lipa,Dua Lipa,Jack Harlow,1,Solo,Heavy metal,United States,2022,5,6,2020 em diante,1992,0,150500965,1,18.82948005409278,Médio (100M–300M),75552.693273092373,0.0,1992
5663428,First Class,First Class,Jack Harlow,1,Solo,Heavy metal,United States,2022,4,8,2020 em diante,8737,0,694525298,1,20.358739145701158,Alto (300M–700M),79492.422799587963,0.0,8737
3371670,Nail Tech,Nail Tech,Jack Harlow,1,Solo,Heavy metal,United States,2022,2,18,2020 em diante,2939,0,193443895,1,19.080498080070555,Médio (100M–300M),65819.630826811845,0.0,2939
8399372,Ferrari,Ferrari,"James Hype, Miggy Dela Rosa",2,Dupla,House,United Kingdom,2022,3,14,2020 em diante,7758,28,462791599,1,19.952787400569338,Alto (300M–700M),59653.467259602992,0.003609177623098737,7786
5975489,ZOOM,ZOOM,Jessi,1,Solo,K-hip-hop,South Korea,2022,4,13,2020 em diante,608,0,136996305,1,18.735464512625761,Médio (100M–300M),225322.87006578947,0.0,608
4343383,The Astronaut,The Astronaut,Jin,1,Solo,K-pop,South Korea,2022,10,28,2020 em diante,481,9,203436468,1,19.130864317543235,Médio (100M–300M),422944.8399168399,0.018711018711018712,490
6143073,On Time (with John Legend),On Time,"John Legend, Metro Boomin",2,Dupla,Hip-hop,United States,2022,12,2,2020 em diante,398,0,78139948,1,18.174011982118749,Baixo (até 100M),196331.52763819095,0.0,398
3301347,Die For You,Die For You,Joji,1,Solo,R&B,Canada,2022,11,4,2020 em diante,1703,0,246390068,1,19.322426480369675,Médio (100M–300M),144680.01644157368,0.0,1703
2434062,Glimpse of Us,Glimpse of Us,Joji,1,Solo,Alternative R&B,Japan,2022,6,10,2020 em diante,6330,6,988515741,1,20.711715124575623,Hit (700M+),156163.62417061612,0.00094786729857819908,6336
1461831,Stay Alive (Prod. SUGA of BTS),Stay Alive,Jung Kook,1,Solo,K-pop,South Korea,2022,2,11,2020 em diante,590,5,246376690,1,19.322372182875835,Médio (100M–300M),417587.6101694915,0.00847457627118644,595
2442031,Honest (feat. Don Toliver),Honest,"Justin Bieber, Don Toliver",2,Dupla,Pop,Canada,2022,4,29,2020 em diante,1351,0,106919680,1,18.487588456338631,Médio (100M–300M),79141.139896373061,0.0,1351
7036044,Stefania (Kalush Orchestra),Stefania,KALUSH,1,Solo,Folk rap,Ukraine,2022,3,10,2020 em diante,555,0,53729194,1,17.799467061661911,Baixo (até 100M),96809.358558558553,0.0,555
1740150,Kahani Suno 2.0,Kahani Suno 2.0,Kaifi Khalil,1,Solo,Pop,Pakistan,2022,5,31,2020 em diante,162,6,156777415,1,18.870337618516462,Médio (100M–300M),967761.82098765427,0.037037037037037035,168
1336403,City of Gods,City of Gods,"Kanye West, Alicia Keys, Fivio Foreign",3,Colaboração (3+),Heavy metal,United States,2022,2,11,2020 em diante,2096,0,107255472,1,18.490724135449895,Médio (100M–300M),51171.503816793891,0.0,2096
6621439,Hot Shit (feat. Ye & Lil Durk),Hot Shit,"Kanye West, Lil Durk, Cardi B",3,Colaboração (3+),Heavy metal,United States,2022,7,1,2020 em diante,1601,0,85924992,1,18.268985287595715,Baixo (até 100M),53669.576514678323,0.0,1601
7503630,True Love,True Love,"Kanye West, XXXTENTACION",2,Dupla,Heavy metal,United States,2022,5,27,2020 em diante,2129,0,194902696,1,19.088010997116854,Médio (100M–300M),91546.592766557063,0.0,2129
6966778,PROVENZA,PROVENZA,Karol G,1,Solo,Reggaeton,Colombia,2022,4,21,2020 em diante,6587,34,885093467,1,20.601203809824984,Hit (700M+),134369.73842416881,0.0051616821011082432,6621
2838411,MAMIII,MAMIII,"Karol G, Becky G",2,Dupla,Reggaeton,Colombia,2022,2,10,2020 em diante,6809,28,716591492,1,20.3900164900323,Hit (700M+),105241.81113232486,0.0041122044353062125,6837
5152397,CAIRO,CAIRO,"Karol G, Ovy On The Drums",2,Dupla,Reggaeton,Colombia,2022,11,13,2020 em diante,2418,26,294352144,1,19.500287377257781,Médio (100M–300M),121733.72373862697,0.010752688172043012,2444
2645476,Tak Ingin Usai,Tak Ingin Usai,Keisya Levronka,1,Solo,Pop,Indonesia,2022,5,13,2020 em diante,220,4,184807630,1,19.034826004198326,Médio (100M–300M),840034.68181818177,0.018181818181818181,224
5087776,Mirror,Mirror,Kendrick Lamar,1,Solo,Heavy metal,United States,2022,5,13,2020 em diante,1929,0,53603447,1,17.797123933674744,Baixo (até 100M),27788.204769310523,0.0,1929
1671724,Count Me Out,Count Me Out,Kendrick Lamar,1,Solo,Heavy metal,United States,2022,5,13,2020 em diante,2729,0,126191104,1,18.653308014303082,Médio (100M–300M),46240.785635764019,0.0,2729
5264430,Rich - Interlude,Rich,Kendrick Lamar,1,Solo,Heavy metal,United States,2022,5,13,2020 em diante,1103,0,41210087,1,17.534193614450846,Baixo (até 100M),37361.819582955577,0.0,1103
3184472,United In Grief,United In Grief,Kendrick Lamar,1,Solo,Heavy metal,United States,2022,5,13,2020 em diante,2575,0,156898322,1,18.871108522936066,Médio (100M–300M),60931.387184466017,0.0,2575
6509365,The Heart Part 5,The Heart Part 5,Kendrick Lamar,1,Solo,Heavy metal,United States,2022,5,8,2020 em diante,2939,0,71423324,1,18.084135040632539,Baixo (até 100M),24301.913576046274,0.0,2939
7556948,Crown,Crown,Kendrick Lamar,1,Solo,Heavy metal,United States,2022,5,13,2020 em diante,1493,0,42485571,1,17.564675070367123,Baixo (até 100M),28456.511051574013,0.0,1493
1713130,Auntie Diaries,Auntie Diaries,Kendrick Lamar,1,Solo,Heavy metal,United States,2022,5,13,2020 em diante,1545,0,37778188,1,17.447242457002833,Baixo (até 100M),24451.901618122978,0.0,1545
3186172,Worldwide Steppers,Worldwide Steppers,Kendrick Lamar,1,Solo,Heavy metal,United States,2022,5,13,2020 em diante,1480,0,61739839,1,17.938439969325138,Baixo (até 100M),41716.107432432429,0.0,1480
1109166,N95,N95,Kendrick Lamar,1,Solo,Heavy metal,United States,2022,5,13,2020 em diante,5542,0,301242089,1,19.52342478184341,Alto (300M–700M),54356.205160591846,0.0,5542
1493023,Rich Spirit,Rich Spirit,Kendrick Lamar,1,Solo,Heavy metal,United States,2022,5,13,2020 em diante,3486,0,173702135,1,18.972852522442647,Médio (100M–300M),49828.495410212279,0.0,3486
3635714,Savior - Interlude,Savior,Kendrick Lamar,1,Solo,Heavy metal,United States,2022,5,13,2020 em diante,1194,0,37091576,1,17.428900439800575,Baixo (até 100M),31064.971524288107,0.0,1194
2612867,Mother I Sober (feat. Beth Gibbons of Portishead),Mother I Sober,"Kendrick Lamar, Beth Gibbons",2,Dupla,Heavy metal,United States,2022,5,13,2020 em diante,1890,0,33381454,1,17.323511034266673,Baixo (até 100M),17662.144973544975,0.0,1890
8555603,Die Hard,Die Hard,"Kendrick Lamar, Blxst, Amanda Reifer",3,Colaboração (3+),Heavy metal,United States,2022,5,13,2020 em diante,4627,0,237351106,1,19.285051062735871,Médio (100M–300M),51296.975578128375,0.0,4627
6774092,Purple Hearts,Purple Hearts,"Kendrick Lamar, Ghostface Killah, Summer Walker",3,Colaboração (3+),Hip-hop,United States,2022,5,13,2020 em diante,2308,0,76831876,1,18.157130164090944,Baixo (até 100M),33289.374350086655,0.0,2308
2861036,Silent Hill,Silent Hill,"Kendrick Lamar, Kodak Black",2,Dupla,Heavy metal,United States,2022,5,13,2020 em diante,3028,0,123216717,1,18.629455289793711,Médio (100M–300M),40692.442866578596,0.0,3028
7762851,Savior,Savior,"Kendrick Lamar, Sam Dew, Baby Keem",3,Colaboração (3+),Heavy metal,United States,2022,5,13,2020 em diante,2291,0,86176890,1,18.271912602241581,Baixo (até 100M),37615.403753819293,0.0,2291
6177084,Father Time (feat. Sampha),Father Time,"Kendrick Lamar, Sampha",2,Dupla,Heavy metal,United States,2022,5,13,2020 em diante,3107,0,127309180,1,18.662129174046225,Médio (100M–300M),40974.953331187644,0.0,3107
5005107,Mr. Morale,Mr. Morale,"Kendrick Lamar, Tanna Leone",2,Dupla,Heavy metal,United States,2022,5,13,2020 em diante,1860,0,58687425,1,17.887736036976669,Baixo (até 100M),31552.379032258064,0.0,1860
7513238,We Cry Together,We Cry Together,"Kendrick Lamar, Taylour Paige",2,Dupla,Heavy metal,United States,2022,5,13,2020 em diante,1635,0,68895644,1,18.048103511924332,Baixo (até 100M),42138.008562691131,0.0,1635
6333549,Malas Decisiones,Malas Decisiones,Kenia OS,1,Solo,Latin pop,Mexico,2022,10,26,2020 em diante,542,2,156214700,1,18.866741901057019,Médio (100M–300M),288219.00369003689,0.0036900369003690036,544
2009624,KICK BACK,KICK BACK,Kenshi Yonezu,1,Solo,J-pop,Japan,2022,10,12,2020 em diante,574,4,210038833,1,19.162802990633942,Médio (100M–300M),365921.3118466899,0.0069686411149825784,578
4942277,Maan Meri Jaan,Maan Meri Jaan,King,1,Solo,Pop,India,2022,10,12,2020 em diante,288,6,319566866,1,19.582477093140263,Alto (300M–700M),1109607.173611111,0.020833333333333332,294
5673293,Murder In My Mind,Murder In My Mind,Kordhell,1,Solo,Phonk,United States,2022,1,21,2020 em diante,2459,20,448843705,1,19.92218528933876,Alto (300M–700M),182530.99023993494,0.0081333875559170387,2479
3070266,Ai Preto,Ai Preto,"L7nnon, DJ Biel do Furduncinho, Bianca",3,Colaboração (3+),Brazilian funk,Brazil,2022,6,3,2020 em diante,894,4,176103902,1,18.986584731085802,Médio (100M–300M),196984.23042505592,0.0044742729306487695,898
4492232,ANTIFRAGILE,ANTIFRAGILE,LE SSERAFIM,1,Solo,K-pop,South Korea,2022,10,17,2020 em diante,761,12,301051721,1,19.522792638516755,Alto (300M–700M),395600.15900131408,0.015768725361366621,773
8654169,FEARLESS,FEARLESS,LE SSERAFIM,1,Solo,K-pop,South Korea,2022,5,2,2020 em diante,629,0,229497852,1,19.251404227943951,Médio (100M–300M),364861.44992050872,0.0,629
4566008,Afraid To Feel,Afraid To Feel,LF System,1,Solo,House,United Kingdom,2022,5,2,2020 em diante,5898,5,244790012,1,19.31591130711648,Médio (100M–300M),41503.901661580196,0.00084774499830451,5903
4703367,"I'm Tired - From ""Euphoria"" An Original HBO Series",I'm Tired,Labrinth,1,Solo,Alternative,United Kingdom,2022,2,4,2020 em diante,1888,0,121913181,1,18.618819718220351,Médio (100M–300M),64572.6594279661,0.0,1888
8238387,Hold My Hand,Hold My Hand,Lady Gaga,1,Solo,Pop,United States,2022,5,3,2020 em diante,2528,0,238350348,1,19.289252199651802,Médio (100M–300M),94284.156645569616,0.0,2528
1392259,Ojos Marrones,Ojos Marrones,Lasso,1,Solo,Latin pop,Venezuela,2022,2,6,2020 em diante,795,11,263280370,1,19.388730067946291,Médio (100M–300M),331170.27672955976,0.013836477987421384,806
5380546,Fingers Crossed,Fingers Crossed,"Lauren Spencer Smith, Lauren Spencer Smith, Lauren Spencer Smith",3,Colaboração (3+),Pop,Canada,2022,1,5,2020 em diante,2235,0,349585590,1,19.672258982360677,Alto (300M–700M),156414.13422818793,0.0,2235
6642483,10 Things I Hate About You,10 Things I Hate About You,Leah Kate,1,Solo,Pop rock,United States,2022,3,23,2020 em diante,1301,0,185550869,1,19.038839628833667,Médio (100M–300M),142621.72867025365,0.0,1301
2068804,Zona De Perigo,Zona De Perigo,Leo Santana,1,Solo,Axé,Brazil,2022,12,8,2020 em diante,531,4,134294498,1,18.715545692672126,Médio (100M–300M),252908.65913370997,0.0075329566854990581,535
8693885,Forget Me,Forget Me,Lewis Capaldi,1,Solo,Pop,United Kingdom,2022,9,9,2020 em diante,2520,4,239411309,1,19.293693588903082,Médio (100M–300M),95004.4876984127,0.0015873015873015873,2524
4890110,People,People,Libianca,1,Solo,Afrobeats,Cameroon,2022,12,2,2020 em diante,3506,56,373199958,1,19.737624914397262,Alto (300M–700M),106446.08043354251,0.015972618368511125,3562
3476652,California Breeze,California Breeze,Lil Baby,1,Solo,Heavy metal,United States,2022,10,14,2020 em diante,991,0,85559365,1,18.264721020458559,Baixo (até 100M),86336.392532795158,0.0,991
7434389,Right On,Right On,Lil Baby,1,Solo,Heavy metal,United States,2022,4,8,2020 em diante,1116,0,101780047,1,18.438324640905165,Médio (100M–300M),91200.758960573483,0.0,1116
6204936,STAR WALKIN' (League of Legends Worlds Anthem),STAR WALKIN',Lil Nas X,1,Solo,Hip-hop,United States,2022,9,22,2020 em diante,2616,0,332506354,1,19.62216952765203,Alto (300M–700M),127104.875382263,0.0,2616
5191929,In My Head,In My Head,Lil Tjay,1,Solo,Heavy metal,United States,2022,4,1,2020 em diante,1185,0,190981339,1,19.067686279667114,Médio (100M–300M),161165.68691983123,0.0,1185
3910891,Just Wanna Rock,Just Wanna Rock,Lil Uzi Vert,1,Solo,Jersey club,United States,2022,10,17,2020 em diante,3995,13,457184829,1,19.940598306919682,Alto (300M–700M),114439.2563204005,0.0032540675844806009,4008
1532170,Poland,Poland,Lil Yachty,1,Solo,Heavy metal,United States,2022,6,23,2020 em diante,1584,0,115331792,1,18.563323680102737,Médio (100M–300M),72810.474747474742,0.0,1584
8941056,Entre Nosotros (Remix) [con Nicki Nicole],Entre Nosotros,"Lit Killah, Maria Becerra, Tiago pzk, NICKI NICOLE",4,Colaboração (3+),Latin trap,Argentina,2022,1,5,2020 em diante,759,3,236940480,1,19.28331952831816,Médio (100M–300M),312174.54545454547,0.003952569169960474,762
4579313,2 Be Loved (Am I Ready),2 Be Loved,Lizzo,1,Solo,Pop,United States,2022,7,14,2020 em diante,3682,6,247689123,1,19.327684981505119,Médio (100M–300M),67270.2669744704,0.0016295491580662683,3688
5080031,About Damn Time,About Damn Time,Lizzo,1,Solo,Pop,United States,2022,7,15,2020 em diante,2332,2,723894473,1,20.400156184201759,Hit (700M+),310417.87006861065,0.0008576329331046312,2334
7173596,About Damn Time,About Damn Time,Lizzo,1,Solo,Pop,United States,2022,4,14,2020 em diante,9021,0,723894473,1,20.400156184201759,Hit (700M+),80245.4797694269,0.0,9021
7653113,ceilings,ceilings,Lizzy McAlpine,1,Solo,Indie pop,United States,2022,4,8,2020 em diante,3242,9,293186992,1,19.496321161371849,Médio (100M–300M),90433.988895743372,0.0027760641579272056,3251
1593131,Beautiful Girl,Beautiful Girl,Luciano,1,Solo,Dancehall,Jamaica,2022,4,22,2020 em diante,710,4,160035717,1,18.890907579535714,Médio (100M–300M),225402.41830985915,0.0056338028169014088,714
3984533,Con La Brisa,Con La Brisa,"Ludwig Goransson, Foudeqush",2,Dupla,Latin,Sweden,2022,11,4,2020 em diante,486,0,71095708,1,18.079537527269249,Baixo (até 100M),146287.46502057614,0.0,486
8174616,JGL,JGL,"Luis R Conriquez, La Adictiva",2,Dupla,Regional Mexican,Mexico,2022,2,18,2020 em diante,782,9,323455692,1,19.594572698073428,Alto (300M–700M),413626.20460358058,0.011508951406649617,791
1769305,Casei Com a Putaria,Casei Com a Putaria,"MC Ryan SP, Love Funk, Mc Paiva ZS",3,Colaboração (3+),Brazilian funk,Brazil,2022,7,1,2020 em diante,648,4,187701588,1,19.050363961829952,Médio (100M–300M),289662.94444444444,0.0061728395061728392,652
6429519,Where Did You Go?,Where Did You Go?,"MNEK, Jax Jones",2,Dupla,Dance,United Kingdom,2022,1,26,2020 em diante,4531,0,300983101,1,19.522564678279938,Alto (300M–700M),66427.521739130432,0.0,4531
3461405,Antidepresan,Antidepresan,"Mabel Matiz, Mert Demir",2,Dupla,Turkish pop,Turkey,2022,11,4,2020 em diante,313,2,136689549,1,18.733222846686711,Médio (100M–300M),436707.82428115018,0.0063897763578274758,315
6554322,Brividi,Brividi,"Mahmood, Blanco",2,Dupla,Pop,Italy,2022,2,2,2020 em diante,1175,0,135079152,1,18.721371475700611,Médio (100M–300M),114960.98042553192,0.0,1175
3894522,La Bachata,La Bachata,Manuel Turizo,1,Solo,Bachata,Colombia,2022,5,26,2020 em diante,6804,45,1214083358,1,20.91725519114738,Hit (700M+),178436.70752498531,0.0066137566137566134,6849
8143341,Bye Bye,Bye Bye,"Marshmello, Juice WRLD",2,Dupla,EDM,United States,2022,10,14,2020 em diante,766,0,84697729,1,18.254599346984197,Baixo (até 100M),110571.44778067885,0.0,766
5409588,Numb,Numb,"Marshmello, Khalid",2,Dupla,Alternative rock,United States,2022,6,10,2020 em diante,3879,2,295307001,1,19.503526054526581,Médio (100M–300M),76129.6728538283,0.00051559680329981957,3881
8917301,Baile no Morro,Baile no Morro,"Mc Vitin Da Igrejinha, MC Tairon, DJ Win",3,Colaboração (3+),Brazilian funk,Brazil,2022,6,10,2020 em diante,685,2,129314708,1,18.677759588239681,Médio (100M–300M),188780.59562043796,0.00291970802919708,687
4257818,Made You Look,Made You Look,Meghan Trainor,1,Solo,Pop,United States,2022,10,21,2020 em diante,3956,6,502574952,1,20.035255344983479,Alto (300M–700M),127041.19110212335,0.0015166835187057635,3962
6046483,Pipoco,Pipoco,"Melody, Ana Castela, Dj Chris No Beat",3,Colaboração (3+),Sertanejo,Brazil,2022,5,20,2020 em diante,1112,4,191873381,1,19.072346238485121,Médio (100M–300M),172548.00449640286,0.0035971223021582736,1116
5478299,MERCHO,MERCHO,"Migrantes, LiL CaKe, Nico Valdi",3,Colaboração (3+),Cumbia pop,Argentina,2022,12,16,2020 em diante,1267,20,231332117,1,19.259364971864073,Médio (100M–300M),182582.57063930546,0.015785319652722968,1287
6402604,Thought You Should Know,Thought You Should Know,Morgan Wallen,1,Solo,Country,United States,2022,5,6,2020 em diante,968,4,203221468,1,19.129806917694374,Médio (100M–300M),209939.53305785125,0.0041322314049586778,972
3575524,You Proof,You Proof,Morgan Wallen,1,Solo,Country,United States,2022,5,13,2020 em diante,2128,9,367814306,1,19.723088765517264,Alto (300M–700M),172845.06860902256,0.0042293233082706765,2137
2840055,One Thing At A Time,One Thing At A Time,Morgan Wallen,1,Solo,Country,United States,2022,12,2,2020 em diante,811,4,148469433,1,18.815889656635562,Médio (100M–300M),183069.58446362516,0.0049321824907521579,815
8297242,Slut Me Out,Slut Me Out,NLE Choppa,1,Solo,Heavy metal,United States,2022,4,22,2020 em diante,816,4,190490915,1,19.065115061105097,Médio (100M–300M),233444.74877450979,0.0049019607843137254,820
2166249,O.O,O.O,NMIXX,1,Solo,K-pop,South Korea,2022,2,22,2020 em diante,290,0,135444283,1,18.724070918147991,Médio (100M–300M),467049.25172413792,0.0,290
8123858,AMG,AMG,"Natanael Cano, Gabito Ballesteros, Peso Pluma",3,Colaboração (3+),Corridos tumbados,Mexico,2022,11,24,2020 em diante,995,19,463564958,1,19.954457079860369,Alto (300M–700M),465894.43015075376,0.019095477386934675,1014
7629327,POP!,POP!,Nayeon,1,Solo,K-pop,South Korea,2022,6,24,2020 em diante,571,0,213505179,1,19.179171647949982,Médio (100M–300M),373914.49912434327,0.0,571
2339996,Gato de Noche,Gato de Noche,"Nengo Flow, Bad Bunny",2,Dupla,Reggaeton,Puerto Rico,2022,12,22,2020 em diante,2651,30,304118600,1,19.532928314867906,Alto (300M–700M),114718.44586948321,0.011316484345529988,2681
6191375,die first,die first,Nessa Barrett,1,Solo,Alternative pop,United States,2022,6,24,2020 em diante,767,0,131746175,1,18.696387712706237,Médio (100M–300M),171768.15514993481,0.0,767
5724140,Attention,Attention,NewJeans,1,Solo,K-pop,South Korea,2022,8,1,2020 em diante,799,12,264717480,1,19.394173702040025,Médio (100M–300M),331310.98873591988,0.015018773466833541,811
7166872,Hype Boy,Hype Boy,NewJeans,1,Solo,K-pop,South Korea,2022,8,1,2020 em diante,892,17,363472647,1,19.711214603138139,Alto (300M–700M),407480.54596412554,0.01905829596412556,909
5279142,Ditto,Ditto,NewJeans,1,Solo,K-pop,South Korea,2022,12,19,2020 em diante,1154,22,397582059,1,19.800911908489173,Alto (300M–700M),344525.18110918545,0.019064124783362217,1176
6643902,Super Freaky Girl,Super Freaky Girl,Nicki Minaj,1,Solo,Heavy metal,United States,2022,8,12,2020 em diante,4827,0,428685680,1,19.876234527697964,Alto (300M–700M),88809.960638077479,0.0,4827
1338081,Do We Have A Problem?,Do We Have A Problem?,"Nicki Minaj, Lil Baby",2,Dupla,Heavy metal,United States,2022,2,4,2020 em diante,1064,0,81350745,1,18.214280549546821,Baixo (até 100M),76457.46710526316,0.0,1064
6213355,Bussin,Bussin,"Nicki Minaj, Lil Baby",2,Dupla,Hip-hop,United States,2022,2,11,2020 em diante,847,0,64714573,1,17.98549697367574,Baixo (até 100M),76404.454545454544,0.0,847
4467778,I Ain't Worried,I Ain't Worried,OneRepublic,1,Solo,Pop rock,United States,2022,5,13,2020 em diante,8431,76,1085685420,1,20.805477347987843,Hit (700M+),128773.03048274227,0.0090143517969398651,8507
2352439,KU LO SA - A COLORS SHOW,KU LO SA,Oxlade,1,Solo,Afrobeats,Nigeria,2022,6,10,2020 em diante,2019,8,222410722,1,19.22003632961027,Médio (100M–300M),110158.85190688459,0.00396235760277365,2027
1899106,Hey Mor,Hey Mor,"Ozuna, Feid",2,Dupla,Reggaeton,Puerto Rico,2022,10,6,2020 em diante,4637,38,674072710,1,20.328848541396411,Alto (300M–700M),145368.2790597369,0.0081949536338149671,4675
3786238,Nos Comemos (feat. Ozuna),Nos Comemos,"Ozuna, Tiago pzk",2,Dupla,Latin trap,Argentina,2022,6,2,2020 em diante,896,0,138334433,1,18.745184738892856,Médio (100M–300M),154391.10825892858,0.0,896
6062396,That That (prod. & feat. SUGA of BTS),That That,"PSY, Suga",2,Dupla,K-pop,South Korea,2022,4,29,2020 em diante,802,0,212109195,1,19.172611770787594,Médio (100M–300M),264475.30548628431,0.0,802
4557678,Chance,Chance,Paulo Londra,1,Solo,Latin trap,Argentina,2022,4,6,2020 em diante,225,0,89566512,1,18.31049205808322,Baixo (até 100M),398073.38666666666,0.0,225
6009839,Plan A,Plan A,Paulo Londra,1,Solo,Latin trap,Argentina,2022,3,23,2020 em diante,1105,0,240661097,1,19.298900265261917,Médio (100M–300M),217792.84796380092,0.0,1105
7158907,Siempre Pendientes,Siempre Pendientes,"Peso Pluma, Luis R Conriquez",2,Dupla,Corridos tumbados,Mexico,2022,8,15,2020 em diante,685,5,295152154,1,19.503001557608417,Médio (100M–300M),430879.05693430657,0.0072992700729927005,690
7688790,Cash In Cash Out,Cash In Cash Out,"Pharrell Williams, Tyler, The Creator, 21 Savage",4,Colaboração (3+),Heavy metal,United States,2022,6,10,2020 em diante,2313,0,136676504,1,18.733127406891853,Médio (100M–300M),59090.576740164288,0.0,2313
2817956,Boy's a liar,Boy's a liar,PinkPantheress,1,Solo,UK garage,United Kingdom,2022,11,30,2020 em diante,1225,0,156338624,1,18.867534879387293,Médio (100M–300M),127623.36653061224,0.0,1225
3833877,ULTRA SOLO,ULTRA SOLO,"Polima WestCoast, Pailita",2,Dupla,Latin trap,Chile,2022,2,14,2020 em diante,1367,0,307752576,1,19.544806693424349,Alto (300M–700M),225129.901975128,0.0,1367
1912112,I Like You (A Happier Song) (with Doja Cat),I Like You,"Post Malone, Doja Cat",2,Dupla,Pop rap,United States,2022,6,3,2020 em diante,5281,14,609293408,1,20.227810496187605,Alto (300M–700M),115374.62753266426,0.0026510130657072524,5295
4528930,Cooped Up (with Roddy Ricch),Cooped Up,"Post Malone, Roddy Ricch",2,Dupla,Hip-hop,United States,2022,5,12,2020 em diante,2942,0,271666301,1,19.420085036523851,Médio (100M–300M),92340.686947654656,0.0,2942
3163708,"Kesariya (From ""Brahmastra"")",Kesariya,"Pritam, Arijit Singh, Amitabh Bhattacharya",3,Colaboração (3+),Bollywood,India,2022,7,17,2020 em diante,292,6,366599607,1,19.71978082135621,Alto (300M–700M),1255478.1061643835,0.020547945205479451,298
8471078,Punto G,Punto G,Quevedo,1,Solo,Reggaeton,Spain,2022,11,4,2020 em diante,1985,35,381161027,1,19.75873248684718,Alto (300M–700M),192020.66851385392,0.017632241813602016,2020
3875589,Vista Al Mar,Vista Al Mar,Quevedo,1,Solo,Reggaeton,Spain,2022,9,8,2020 em diante,1769,34,362361576,1,19.708153100021825,Alto (300M–700M),204839.78292820803,0.019219898247597511,1803
2432426,Escapism. - Sped Up,Escapism.,"RAYE, 070 Shake",2,Dupla,R&B,United Kingdom,2022,11,25,2020 em diante,1368,0,184308753,1,19.032122914729865,Médio (100M–300M),134728.62061403508,0.0,1368
3608552,Escapism.,Escapism.,"RAYE, 070 Shake",2,Dupla,R&B,United Kingdom,2022,10,12,2020 em diante,5129,25,532336353,1,20.092786090006047,Alto (300M–700M),103789.50146227334,0.0048742444921037239,5154
3305057,Wild Flower (with youjeen),Wild Flower,RM,1,Solo,K-hip-hop,South Korea,2022,12,2,2020 em diante,353,2,135611421,1,18.725304155587505,Médio (100M–300M),384168.33144475921,0.0056657223796034,355
4389214,Komang,Komang,Raim Laode,1,Solo,Pop,Indonesia,2022,8,16,2020 em diante,158,4,137123880,1,18.736395308796141,Médio (100M–300M),867872.65822784812,0.025316455696202531,162
4265182,"Residente: Bzrp Music Sessions, Vol. 49","Residente: Bzrp Music Sessions, Vol. 49","Residente, Bizarrap",2,Dupla,Latin rap,Puerto Rico,2022,3,3,2020 em diante,461,0,94616487,1,18.365342300020838,Baixo (até 100M),205241.83731019523,0.0,461
6403499,THE SHADE,THE SHADE,Rex Orange County,1,Solo,Indie pop,United Kingdom,2022,3,11,2020 em diante,1189,6,244928911,1,19.316478567221008,Médio (100M–300M),205995.71993271657,0.0050462573591253156,1195
4562499,Lift Me Up - From Black Panther: Wakanda Forever - Music From and Inspired By,Lift Me Up,Rihanna,1,Solo,Pop,Barbados,2022,10,28,2020 em diante,3311,0,297328960,1,19.510349693247822,Médio (100M–300M),89800.3503473271,0.0,3311
5405010,Miss You,Miss You,"Robin Schulz, Oliver Tree",2,Dupla,Dance,Germany,2022,8,5,2020 em diante,5730,10,497225336,1,20.02455387366377,Alto (300M–700M),86775.800349040146,0.0017452006980802793,5740
3814670,SNAP,SNAP,Rosa Linn,1,Solo,Pop,Armenia,2022,3,19,2020 em diante,1818,0,711366595,1,20.38269845967104,Hit (700M+),391290.75632563257,0.0,1818
5675634,SNAP,SNAP,Rosa Linn,1,Solo,Pop,Armenia,2022,3,19,2020 em diante,3202,18,726307468,1,20.403483992776046,Hit (700M+),226829.3154278576,0.0056214865708931914,3220
6791135,Seek & Destroy,Seek & Destroy,SZA,1,Solo,R&B,United States,2022,12,9,2020 em diante,1007,0,98709329,1,18.407690018680764,Baixo (até 100M),98023.166832174771,0.0,1007
4991676,F2F,F2F,SZA,1,Solo,Alternative rock,United States,2022,12,9,2020 em diante,989,0,67540165,1,18.028233015915454,Baixo (até 100M),68291.370070778561,0.0,989
7780139,SOS,SOS,SZA,1,Solo,R&B,United States,2022,12,9,2020 em diante,827,0,73981293,1,18.119322821912522,Baixo (até 100M),89457.428053204349,0.0,827
2678616,Too Late,Too Late,SZA,1,Solo,R&B,United States,2022,12,8,2020 em diante,714,0,49262961,1,17.712683058472567,Baixo (até 100M),68995.743697478989,0.0,714
5025330,Kill Bill,Kill Bill,SZA,1,Solo,R&B,United States,2022,12,8,2020 em diante,8109,77,1163093654,1,20.874349235185708,Hit (700M+),143432.43975829324,0.00949562214823036,8186
4989276,Love Language,Love Language,SZA,1,Solo,R&B,United States,2022,12,9,2020 em diante,1127,0,110849052,1,18.523679941892595,Médio (100M–300M),98357.632653061228,0.0,1127
3923468,Nobody Gets Me,Nobody Gets Me,SZA,1,Solo,R&B,United States,2022,12,9,2020 em diante,2536,6,284908316,1,19.46767798823133,Médio (100M–300M),112345.55047318611,0.0023659305993690852,2542
7103818,Smoking on my Ex Pack,Smoking on my Ex Pack,SZA,1,Solo,R&B,United States,2022,12,9,2020 em diante,811,0,57144458,1,17.861092970624529,Baixo (até 100M),70461.72379778052,0.0,811
2578085,Low,Low,SZA,1,Solo,R&B,United States,2022,12,9,2020 em diante,1911,0,272377463,1,19.422699393868303,Médio (100M–300M),142531.37781266353,0.0,1911
2628329,Notice Me,Notice Me,SZA,1,Solo,R&B,United States,2022,12,9,2020 em diante,819,0,62019074,1,17.942952540857586,Baixo (até 100M),75725.365079365074,0.0,819
4311407,Snooze,Snooze,SZA,1,Solo,R&B,United States,2022,12,9,2020 em diante,2839,25,399686758,1,19.80619169328536,Alto (300M–700M),140784.34589644242,0.0088059175766114824,2864
5602322,Far,Far,SZA,1,Solo,R&B,United States,2022,12,9,2020 em diante,680,0,51641685,1,17.759839753154761,Baixo (até 100M),75943.6544117647,0.0,680
2070479,Gone Girl,Gone Girl,SZA,1,Solo,R&B,United States,2022,12,9,2020 em diante,892,0,65362788,1,17.995463663665028,Baixo (até 100M),73276.66816143498,0.0,892
2587921,Conceited,Conceited,SZA,1,Solo,R&B,United States,2022,12,9,2020 em diante,899,0,56870689,1,17.856290634560391,Baixo (até 100M),63259.943270300333,0.0,899
8689972,Blind,Blind,SZA,1,Solo,R&B,United States,2022,12,9,2020 em diante,1484,0,163284000,1,18.911001573960995,Médio (100M–300M),110029.64959568733,0.0,1484
4611820,Special,Special,SZA,1,Solo,R&B,United States,2022,12,9,2020 em diante,906,0,88092256,1,18.293895186929458,Baixo (até 100M),97232.070640176607,0.0,906
7526938,Shirt,Shirt,SZA,1,Solo,R&B,United States,2022,10,28,2020 em diante,3469,0,309653982,1,19.550966044945945,Alto (300M–700M),89263.183049870277,0.0,3469
3439901,Used (feat. Don Toliver),Used,"SZA, Don Toliver",2,Dupla,R&B,United States,2022,12,8,2020 em diante,1042,0,94005786,1,18.358866891531449,Baixo (até 100M),90216.68522072937,0.0,1042
5179092,Ghost in the Machine (feat. Phoebe Bridgers),Ghost in the Machine,"SZA, Phoebe Bridgers",2,Dupla,R&B,United States,2022,12,9,2020 em diante,1634,0,110073250,1,18.51665661122852,Médio (100M–300M),67364.290085679313,0.0,1634
7122267,Open Arms (feat. Travis Scott),Open Arms,"SZA, Travis Scott",2,Dupla,R&B,United States,2022,12,8,2020 em diante,1420,4,155653938,1,18.8631457548852,Médio (100M–300M),109615.44929577464,0.0028169014084507044,1424
4890651,Nonsense,Nonsense,Sabrina Carpenter,1,Solo,Pop,United States,2022,7,15,2020 em diante,2346,27,342897938,1,19.652943404000077,Alto (300M–700M),146162.80392156861,0.011508951406649617,2373
1230186,SPACE MAN,SPACE MAN,Sam Ryder,1,Solo,Pop rock,United Kingdom,2022,2,22,2020 em diante,1329,0,54682594,1,17.817056008343666,Baixo (até 100M),41145.66892400301,0.0,1329
2302386,Unholy (feat. Kim Petras),Unholy,"Sam Smith, Kim Petras",2,Dupla,Pop,United Kingdom,2022,9,22,2020 em diante,8576,42,1230675890,1,20.930829359473705,Hit (700M+),143502.3192630597,0.0048973880597014928,8618
3476877,My Mind & Me,My Mind & Me,Selena Gomez,1,Solo,Pop,United States,2022,11,3,2020 em diante,953,0,91473363,1,18.331558373109527,Baixo (até 100M),95984.641133263372,0.0,953
6829928,Pasoori,Pasoori,"Shae Gill, Ali Sethi",2,Dupla,Sufi pop,Pakistan,2022,2,6,2020 em diante,349,6,284249832,1,19.465364099565722,Médio (100M–300M),814469.43266475643,0.017191977077363897,355
5937798,Te Felicito,Te Felicito,"Shakira, Rauw Alejandro",2,Dupla,Reggaeton,Colombia,2022,4,21,2020 em diante,4796,9,606361689,1,20.222987212526188,Alto (300M–700M),126430.71080066722,0.0018765638031693077,4805
4518298,When You're Gone,When You're Gone,Shawn Mendes,1,Solo,Pop,Canada,2022,3,31,2020 em diante,2092,0,255120451,1,19.357246348460063,Médio (100M–300M),121950.50239005736,0.0,2092
5922471,The Rumbling (TV Size),The Rumbling,SiM,1,Solo,J-rock,Japan,2022,1,10,2020 em diante,254,0,71014967,1,18.0784012156067,Baixo (até 100M),279586.4842519685,0.0,254
7741272,Rumble,Rumble,"Skrillex, Flowdan, Fred again..",3,Colaboração (3+),Dubstep,United States,2022,1,17,2020 em diante,2849,0,78489819,1,18.178479480074092,Baixo (até 100M),27549.95401895402,0.0,2849
1771212,Die Young (feat. 347aidan),Die Young,"Sleepy hallow, 347aidan",2,Dupla,Heavy metal,United States,2022,5,25,2020 em diante,896,0,160845341,1,18.895953846355713,Médio (100M–300M),179514.88950892858,0.0,896
6270180,Bad Decisions (with BTS & Snoop Dogg),Bad Decisions,"Snoop Dogg, BTS, Benny Blanco",3,Colaboração (3+),Pop,South Korea,2022,8,5,2020 em diante,1456,0,219196651,1,19.205479834636748,Médio (100M–300M),150547.15041208791,0.0,1456
8171348,"Come Back Home - From ""Purple Hearts""",Come Back Home,Sofia Carson,1,Solo,Pop,United States,2022,7,12,2020 em diante,367,0,97610446,1,18.396495074344685,Baixo (até 100M),265968.51771117165,0.0,367
4334346,Bad Habit,Bad Habit,Steve Lacy,1,Solo,R&B,United States,2022,6,29,2020 em diante,8186,12,822633917,1,20.528021844371825,Hit (700M+),100492.78243342292,0.0014659174199853407,8198
4758406,Static,Static,Steve Lacy,1,Solo,R&B,United States,2022,7,15,2020 em diante,1613,0,202452860,1,19.126017627287585,Médio (100M–300M),125513.24240545568,0.0,1613
3555344,MANIAC,MANIAC,Stray Kids,1,Solo,K-pop,South Korea,2022,3,18,2020 em diante,651,0,212234990,1,19.173204662162718,Médio (100M–300M),326013.80952380953,0.0,651
4363557,Talk that Talk,Talk that Talk,TWICE,1,Solo,K-pop,South Korea,2022,8,26,2020 em diante,615,0,189476119,1,19.05977355343725,Médio (100M–300M),308091.25040650408,0.0,615
1159428,she's all i wanna be,she's all i wanna be,Tate McRae,1,Solo,Pop rock,Canada,2022,2,4,2020 em diante,2711,0,343197054,1,19.653815341625155,Alto (300M–700M),126594.26558465511,0.0,2711
2987008,Lavender Haze,Lavender Haze,Taylor Swift,1,Solo,Synth-pop,United States,2022,10,21,2020 em diante,3763,8,488386797,1,20.006618266665889,Alto (300M–700M),129786.55248471964,0.0021259633271326068,3771
3694791,Midnight Rain,Midnight Rain,Taylor Swift,1,Solo,Pop,United States,2022,10,21,2020 em diante,2612,4,433356509,1,19.887071293623357,Alto (300M–700M),165909.84264931089,0.0015313935681470138,2616
8471839,"Would've, Could've, Should've","Would've, Could've, Should've",Taylor Swift,1,Solo,Pop,United States,2022,10,21,2020 em diante,1715,0,177503916,1,18.994503228608213,Médio (100M–300M),103500.82565597667,0.0,1715
1587452,The Great War,The Great War,Taylor Swift,1,Solo,Pop,United States,2022,10,21,2020 em diante,1274,0,181382590,1,19.016119115295133,Médio (100M–300M),142372.51962323391,0.0,1274
2341529,Bigger Than The Whole Sky,Bigger Than The Whole Sky,Taylor Swift,1,Solo,Pop,United States,2022,10,21,2020 em diante,1180,0,121871870,1,18.618480804901214,Médio (100M–300M),103281.24576271187,0.0,1180
3146245,"You're On Your Own, Kid","You're On Your Own, Kid",Taylor Swift,1,Solo,Pop,United States,2022,10,21,2020 em diante,2537,2,348647203,1,19.669571089227109,Alto (300M–700M),137424.99132834055,0.00078833267638943631,2539
6590514,Mastermind,Mastermind,Taylor Swift,1,Solo,Pop,United States,2022,10,21,2020 em diante,1936,0,218320587,1,19.201475123074559,Médio (100M–300M),112768.89824380165,0.0,1936
2284105,Maroon,Maroon,Taylor Swift,1,Solo,Pop,United States,2022,10,21,2020 em diante,2304,0,317726339,1,19.576701001059824,Alto (300M–700M),137902.05685763888,0.0,2304
7370086,Karma,Karma,Taylor Swift,1,Solo,Pop,United States,2022,10,21,2020 em diante,3818,23,404562836,1,19.81831762479646,Alto (300M–700M),105961.97904662127,0.006024096385542169,3841
8346039,Anti-Hero,Anti,Taylor Swift,1,Solo,Pop,United States,2022,10,21,2020 em diante,9082,56,999748277,1,20.72301408225886,Hit (700M+),110080.18905527417,0.0061660427218674305,9138
7270435,Vigilante Shit,Vigilante Shit,Taylor Swift,1,Solo,Pop,United States,2022,10,21,2020 em diante,1948,0,253650850,1,19.351469273045673,Médio (100M–300M),130210.90862422998,0.0,1948
6372213,Labyrinth,Labyrinth,Taylor Swift,1,Solo,Pop,United States,2022,10,21,2020 em diante,1597,0,187339835,1,19.048434824993297,Médio (100M–300M),117307.34815278648,0.0,1597
5899602,Question...?,Question...?,Taylor Swift,1,Solo,Pop,United States,2022,10,21,2020 em diante,1608,0,223064273,1,19.222970507628006,Médio (100M–300M),138721.56281094527,0.0,1608
1218742,Bejeweled,Bejeweled,Taylor Swift,1,Solo,Pop,United States,2022,10,21,2020 em diante,2699,0,328207708,1,19.609157222023946,Alto (300M–700M),121603.44868469804,0.0,2699
1386595,Sweet Nothing,Sweet Nothing,Taylor Swift,1,Solo,Pop,United States,2022,10,21,2020 em diante,1747,0,186104310,1,19.041817880935916,Médio (100M–300M),106527.93932455638,0.0,1747
5282587,Snow On The Beach (feat. Lana Del Rey),Snow On The Beach,"Taylor Swift, Lana Del Rey",2,Dupla,Dream pop,United States,2022,10,21,2020 em diante,2415,0,323437194,1,19.594515507770659,Alto (300M–700M),133928.44472049689,0.0,2415
8779560,Thousand Miles,Thousand Miles,The Kid Laroi,1,Solo,Pop,Australia,2022,4,22,2020 em diante,2050,0,244741137,1,19.31571162625751,Médio (100M–300M),119385.92048780488,0.0,2050
6386843,Best Friends,Best Friends,The Weeknd,1,Solo,R&B,Canada,2022,1,7,2020 em diante,1292,0,101114984,1,18.4317688827021,Médio (100M–300M),78262.371517027859,0.0,1292
7853001,Out of Time,Out of Time,The Weeknd,1,Solo,Synth-pop,Canada,2022,1,7,2020 em diante,3711,0,339659802,1,19.643455092304851,Alto (300M–700M),91527.836701697655,0.0,3711
7726159,Sacrifice,Sacrifice,The Weeknd,1,Solo,Synth-pop,Canada,2022,1,7,2020 em diante,4440,0,326792833,1,19.604836989865085,Alto (300M–700M),73601.98941441442,0.0,4440
3355993,A Tale By Quincy,A Tale By Quincy,The Weeknd,1,Solo,Spoken word,Canada,2022,1,7,2020 em diante,733,0,41924466,1,17.55138012856202,Baixo (até 100M),57195.724420190993,0.0,733
5426643,Less Than Zero,Less Than Zero,The Weeknd,1,Solo,Synth-pop,Canada,2022,1,7,2020 em diante,2800,0,200660871,1,19.11712683212809,Médio (100M–300M),71664.596785714282,0.0,2800
7175350,Dawn FM,Dawn FM,The Weeknd,1,Solo,Synth-pop,Canada,2022,1,7,2020 em diante,811,0,53933526,1,17.803262846225671,Baixo (até 100M),66502.498150431566,0.0,811
6131592,Gasoline,Gasoline,The Weeknd,1,Solo,Synth-pop,Canada,2022,1,7,2020 em diante,2297,0,116903579,1,18.576860041884675,Médio (100M–300M),50894.026556377881,0.0,2297
7332091,Phantom Regret by Jim,Phantom Regret by Jim,The Weeknd,1,Solo,Spoken word,Canada,2022,1,7,2020 em diante,768,0,31959571,1,17.279982255743473,Baixo (até 100M),41614.024739583336,0.0,768
4501584,How Do I Make You Love Me?,How Do I Make You Love Me?,The Weeknd,1,Solo,Synth-pop,Canada,2022,1,7,2020 em diante,1915,0,119238316,1,18.596634703896825,Médio (100M–300M),62265.439164490861,0.0,1915
2717112,Starry Eyes,Starry Eyes,The Weeknd,1,Solo,Synth-pop,Canada,2022,1,7,2020 em diante,1014,0,74601456,1,18.1276705824098,Baixo (até 100M),73571.455621301779,0.0,1014
1297061,Every Angel is Terrifying,Every Angel is Terrifying,The Weeknd,1,Solo,Synth-pop,Canada,2022,1,7,2020 em diante,715,0,37307967,1,17.434717454299712,Baixo (até 100M),52178.974825174824,0.0,715
4491971,Is There Someone Else?,Is There Someone Else?,The Weeknd,1,Solo,R&B,Canada,2022,1,7,2020 em diante,2881,6,391251368,1,19.784860796298148,Alto (300M–700M),135804.01527247485,0.0020826102047900035,2887
2927588,Creepin',Creepin',"The Weeknd, 21 Savage, Metro Boomin",3,Colaboração (3+),Hip-hop,United States,2022,12,2,2020 em diante,6036,88,843957510,1,20.553612707691055,Hit (700M+),139820.66103379722,0.0145791915175613,6124
7432867,I Heard You're Married (feat. Lil Wayne),I Heard You're Married,"The Weeknd, Lil Wayne",2,Dupla,R&B,Canada,2022,1,7,2020 em diante,1178,0,91656026,1,18.33355328022493,Baixo (até 100M),77806.473684210519,0.0,1178
8173823,SPIT IN MY FACE!,SPIT IN MY FACE!,ThxSoMch,1,Solo,Alternative hip-hop,Canada,2022,10,31,2020 em diante,573,0,301869854,1,19.525506535434921,Alto (300M–700M),526823.479930192,0.0,573
4967469,SPIT IN MY FACE!,SPIT IN MY FACE!,ThxSoMch,1,Solo,Alternative hip-hop,Canada,2022,10,31,2020 em diante,629,14,303216294,1,19.529956950394084,Alto (300M–700M),482060.88076311606,0.022257551669316374,643
3122686,La Corriente,La Corriente,"Tony Dize, Bad Bunny",2,Dupla,Reggaeton,Puerto Rico,2022,5,6,2020 em diante,1796,8,479655659,1,19.988579027344809,Alto (300M–700M),267068.85244988865,0.0044543429844097994,1804
1718193,Niagara Falls (Foot or 2) [with Travis Scott & 21 Savage],Niagara Falls,"Travis Scott, 21 Savage, Metro Boomin",3,Colaboração (3+),Trap,United States,2022,12,2,2020 em diante,1602,0,195516622,1,19.091155956793344,Médio (100M–300M),122045.33208489389,0.0,1602
8283550,Raindrops (Insane) [with Travis Scott],Raindrops,"Travis Scott, Metro Boomin",2,Dupla,Trap,United States,2022,12,2,2020 em diante,880,0,110649992,1,18.521882552161284,Médio (100M–300M),125738.62727272727,0.0,880
2121928,Trance (with Travis Scott & Young Thug),Trance,"Travis Scott, Young Thug, Metro Boomin",3,Colaboração (3+),Trap,United States,2022,12,2,2020 em diante,1682,46,276259178,1,19.436850033773759,Médio (100M–300M),164244.45778834721,0.027348394768133173,1728
5697442,DARARI,DARARI,Treasure,1,Solo,K-pop,South Korea,2022,2,15,2020 em diante,328,0,182978249,1,19.024877845818036,Médio (100M–300M),557860.51524390245,0.0,328
3519068,Lovezinho,Lovezinho,Treyce,1,Solo,Brazilian funk,Brazil,2022,7,28,2020 em diante,242,0,70069745,1,18.065001661122171,Baixo (até 100M),289544.4008264463,0.0,242
7700274,Hati-Hati di Jalan,Hati,Tulus,1,Solo,Pop,Indonesia,2022,3,3,2020 em diante,200,2,202677468,1,19.127126445894778,Médio (100M–300M),1013387.34,0.01,202
1221828,WORTH NOTHING,WORTH NOTHING,"Twisted, Oliver Tree",2,Dupla,Alternative,United States,2022,9,28,2020 em diante,1612,0,213438580,1,19.178859667745865,Médio (100M–300M),132406.06699751862,0.0,1612
2762640,Freaky Deaky,Freaky Deaky,"Tyga, Doja Cat",2,Dupla,Heavy metal,United States,2022,2,25,2020 em diante,1729,0,153240879,1,18.847521613880506,Médio (100M–300M),88629.773857721229,0.0,1729
2830739,I Tried to Tell Y'all,I Tried to Tell Y'all,"Ugly Dray, Tesla Jnr",2,Dupla,Heavy metal,United States,2022,5,6,2020 em diante,1657,0,121077868,1,18.611944433769835,Médio (100M–300M),73070.529873264939,0.0,1657
4809507,En El Radio Un Cochinero,En El Radio Un Cochinero,Victor Cibrian,1,Solo,Regional Mexican,Mexico,2022,5,13,2020 em diante,514,0,164856284,1,18.920584646258064,Médio (100M–300M),320732.07003891049,0.0,514
1936946,"Besharam Rang (From ""Pathaan"")",Besharam Rang,"Vishal-Shekhar, Shilpa Rao, Caralisa Monteiro, Kumaar, Vishal Dadlani, Shekhar Ravjiani",6,Colaboração (3+),Bollywood,India,2022,12,12,2020 em diante,130,4,140187018,1,18.758487931986451,Médio (100M–300M),1078361.6769230769,0.030769230769230771,134
5086845,Talk,Talk,YEAT,1,Solo,Rage rap,United States,2022,9,2,2020 em diante,920,0,148461629,1,18.815837092246042,Médio (100M–300M),161371.33586956523,0.0,920
2150360,Soy El Unico,Soy El Unico,Yahritza Y Su Esencia,1,Solo,Regional Mexican,United States,2022,3,25,2020 em diante,226,0,126443991,1,18.655310009191908,Médio (100M–300M),559486.685840708,0.0,226
2415106,Yandel 150,Yandel 150,"Yandel, Feid",2,Dupla,Reggaeton,Puerto Rico,2022,12,20,2020 em diante,3618,38,585695368,1,20.188310362543167,Alto (300M–700M),161883.73908236594,0.010503040353786623,3656
1582892,pushin P (feat. Young Thug),pushin P,"Young Thug, Future, Gunna",3,Colaboração (3+),Trap,United States,2022,1,7,2020 em diante,3517,0,311395144,1,19.556573223151382,Alto (300M–700M),88539.989764003418,0.0,3517
6549461,Betty (Get Money),Betty,Yung Gravy,1,Solo,Heavy metal,United States,2022,6,10,2020 em diante,2402,0,221752937,1,19.217074423711125,Médio (100M–300M),92320.12364696087,0.0,2402
6107898,Something in the Orange,Something in the Orange,Zach Bryan,1,Solo,Country,United States,2022,4,22,2020 em diante,3282,12,449701773,1,19.924095194361584,Alto (300M–700M),137020.64990859231,0.0036563071297989031,3294
8013969,Romantic Homicide,Romantic Homicide,d4vd,1,Solo,Indie pop,United States,2022,7,20,2020 em diante,2335,23,681583126,1,20.339928776717535,Alto (300M–700M),291898.55503211991,0.0098501070663811561,2358
5898111,Here With Me,Here With Me,d4vd,1,Solo,Indie pop,United States,2022,7,17,2020 em diante,3246,23,635412045,1,20.269784236182812,Alto (300M–700M),195752.32439926063,0.0070856438693776957,3269
5678676,MORE,MORE,j-hope,1,Solo,K-hip-hop,South Korea,2022,7,1,2020 em diante,565,0,155795783,1,18.864056624282366,Médio (100M–300M),275744.74867256638,0.0,565
1828295,Fim de Semana no Rio,Fim de Semana no Rio,teto,1,Solo,Brazilian trap,Brazil,2022,3,30,2020 em diante,315,2,139193812,1,18.751377850853494,Médio (100M–300M),441885.11746031744,0.0063492063492063492,317
1121286,Queencard,Queencard,(G)I-DLE,1,Solo,K-pop,South Korea,2023,5,15,2020 em diante,451,33,96273746,1,18.382706212392154,Baixo (até 100M),213467.28603104214,0.073170731707317069,484
6609930,"Am I Dreaming (Metro Boomin & A$AP Rocky, Roisee)",Am I Dreaming,"A$AP Rocky, Metro Boomin, Roisee",3,Colaboração (3+),Heavy metal,United States,2023,6,2,2020 em diante,727,16,94186466,1,18.360787056188538,Baixo (até 100M),129554.97386519946,0.022008253094910592,743
1442233,Haegeum,Haegeum,Agust D,1,Solo,K-hip-hop,South Korea,2023,4,21,2020 em diante,244,12,118810253,1,18.593038265882587,Médio (100M–300M),486927.26639344264,0.049180327868852458,256
4335470,Nosso Quadro,Nosso Quadro,"Ana Castela, AgroPlay",2,Dupla,Sertanejo,Brazil,2023,2,2,2020 em diante,894,9,233801632,1,19.269983587302946,Médio (100M–300M),261523.07829977627,0.010067114093959731,903
6230777,Die For You - Remix,Die For You,"Ariana Grande, The Weeknd",2,Dupla,R&B,United States,2023,2,24,2020 em diante,3408,47,518745108,1,20.066923199103272,Alto (300M–700M),152213.94014084508,0.013791079812206572,3455
3747351,"Phir Aur Kya Chahiye (From ""Zara Hatke Zara Bachke"")",Phir Aur Kya Chahiye,"Arijit Singh, Sachin-Jigar, Amitabha Bhattacharya",3,Colaboração (3+),Bollywood,India,2023,5,15,2020 em diante,178,6,64533040,1,17.982687898673763,Baixo (até 100M),362545.16853932582,0.033707865168539325,184
8171349,Las Morras,Las Morras,"BLESSD, Peso Pluma",2,Dupla,Reggaeton,Colombia,2023,4,4,2020 em diante,291,8,127026613,1,18.659907173651185,Médio (100M–300M),436517.57044673542,0.027491408934707903,299
8365464,Take Two,Take Two,BTS,1,Solo,K-pop,South Korea,2023,6,9,2020 em diante,674,47,118482347,1,18.590274536978121,Médio (100M–300M),175789.83234421365,0.069732937685459948,721
4386478,WHERE SHE GOES,WHERE SHE GOES,Bad Bunny,1,Solo,Latin trap,Puerto Rico,2023,5,18,2020 em diante,3133,50,303236322,1,19.530023000072092,Alto (300M–700M),96787.846153846156,0.015959144589849983,3183
5560446,Coco Chanel,Coco Chanel,"Bad Bunny, Eladio Carrion",2,Dupla,Latin trap,Puerto Rico,2023,3,17,2020 em diante,1962,38,250305248,1,19.338191723021993,Médio (100M–300M),127576.57900101937,0.019367991845056064,2000
1197669,un x100to,un x100to,"Bad Bunny, Grupo Frontera",2,Dupla,Regional Mexican,Puerto Rico,2023,4,17,2020 em diante,2876,40,505671438,1,20.04139768432859,Alto (300M–700M),175824.5611961057,0.013908205841446454,2916
1710471,Chanel,Chanel,"Becky G, Peso Pluma",2,Dupla,Reggaeton,United States,2023,3,30,2020 em diante,681,10,161460990,1,18.899774123461956,Médio (100M–300M),237093.96475770924,0.014684287812041116,691
4801316,Los del Espacio,Los del Espacio,"Big One, Duki, Lit Killah, Maria Becerra, FMK, Rusherking, Emilia, Tiago pzk",8,Colaboração (3+),Argentine trap,Argentina,2023,6,1,2020 em diante,1150,31,123122413,1,18.628689646068278,Médio (100M–300M),107062.96782608696,0.026956521739130435,1181
1207987,Un Finde | CROSSOVER #2,Un Finde | CROSSOVER #2,"Big One, FMK, Ke personajes",3,Colaboração (3+),Latin trap,Argentina,2023,4,4,2020 em diante,561,14,142095275,1,18.772008341282966,Médio (100M–300M),253289.26024955435,0.024955436720142603,575
1404326,"What Was I Made For? [From The Motion Picture ""Barbie""]",What Was I Made For?,Billie Eilish,1,Solo,Pop,United States,2023,7,13,2020 em diante,873,104,30546883,1,17.234773208916618,Baixo (até 100M),34990.702176403211,0.11912943871706758,977
7757967,"Peso Pluma: Bzrp Music Sessions, Vol. 55","Peso Pluma: Bzrp Music Sessions, Vol. 55","Bizarrap, Peso Pluma",2,Dupla,Latin trap,Argentina,2023,5,31,2020 em diante,1313,40,200647221,1,19.117058804593746,Médio (100M–300M),152815.85757806551,0.030464584920030464,1353
1549051,Miracle (with Ellie Goulding),Miracle,"Calvin Harris, Ellie Goulding",2,Dupla,EDM,United Kingdom,2023,3,10,2020 em diante,5120,48,211050784,1,19.167609344945419,Médio (100M–300M),41220.85625,0.009375,5168
4823840,Shorty Party,Shorty Party,"Cartel De Santa, La Kelly",2,Dupla,Latin hip-hop,Mexico,2023,3,4,2020 em diante,432,12,162887075,1,18.90856772726913,Médio (100M–300M),377053.41435185185,0.027777777777777776,444
1078549,El Gordo Trae El Mando,El Gordo Trae El Mando,Chino Pacas,1,Solo,Corridos tumbados,Mexico,2023,1,27,2020 em diante,539,21,255932395,1,19.360423885536786,Médio (100M–300M),474828.19109461969,0.03896103896103896,560
5031502,Sprinter,Sprinter,"Dave, Central Cee",2,Dupla,UK rap,United Kingdom,2023,6,1,2020 em diante,2186,91,183706234,1,19.028848485374382,Médio (100M–300M),84037.618481244281,0.041628545288197621,2277
7107144,Baby Don't Hurt Me,Baby Don't Hurt Me,"David Guetta, Anne-Marie, Coi Leray",3,Colaboração (3+),Dance,France,2023,4,6,2020 em diante,4277,66,177740666,1,18.995836113313832,Médio (100M–300M),41557.321954641106,0.015431377133504794,4343
5374189,Daylight,Daylight,David Kushner,1,Solo,Indie pop,United States,2023,4,14,2020 em diante,3528,98,387570742,1,19.775408950095628,Alto (300M–700M),109855.65249433107,0.027777777777777776,3626
4148996,What It Is (Solo Version),What It Is,Doechii,1,Solo,Hip-hop,United States,2023,3,17,2020 em diante,804,25,95131998,1,18.370775937800303,Baixo (até 100M),118323.38059701493,0.03109452736318408,829
3895305,Private Landing (feat. Justin Bieber & Future),Private Landing,"Don Toliver, Future, Justin Bieber",3,Colaboração (3+),Heavy metal,United States,2023,2,23,2020 em diante,1190,0,105062254,1,18.470063627666953,Médio (100M–300M),88287.608403361344,0.0,1190
2754241,Search & Rescue,Search & Rescue,Drake,1,Solo,Heavy metal,Canada,2023,4,7,2020 em diante,2066,6,175097833,1,18.980855421394235,Médio (100M–300M),84752.097289448211,0.0029041626331074541,2072
5310138,Dance The Night (From Barbie The Album),Dance The Night,Dua Lipa,1,Solo,Disco pop,United Kingdom,2023,5,25,2020 em diante,2988,101,127408954,1,18.662912581207202,Médio (100M–300M),42640.212182061579,0.033801874163319943,3089
6620188,Bite Me,Bite Me,ENHYPEN,1,Solo,K-pop,South Korea,2023,5,22,2020 em diante,349,69,76767396,1,18.156290576729,Baixo (até 100M),219963.88538681949,0.19770773638968481,418
6895326,Curtains,Curtains,Ed Sheeran,1,Solo,Pop,United Kingdom,2023,5,5,2020 em diante,715,0,39893489,1,17.50172368558691,Baixo (até 100M),55795.08951048951,0.0,715
1956320,Eyes Closed,Eyes Closed,Ed Sheeran,1,Solo,Pop,United Kingdom,2023,3,23,2020 em diante,2915,30,195576623,1,19.09146279410766,Médio (100M–300M),67093.181132075479,0.010291595197255575,2945
1892693,Ella Baila Sola,Ella Baila Sola,"Eslabon Armado, Peso Pluma",2,Dupla,Regional Mexican,Mexico,2023,3,16,2020 em diante,3090,50,725980112,1,20.403033178474455,Hit (700M+),234945.02006472493,0.016181229773462782,3140
7989475,REMIX EXCLUSIVO,REMIX EXCLUSIVO,Feid,1,Solo,Reggaeton,Colombia,2023,3,17,2020 em diante,1235,9,117206995,1,18.579452117626492,Médio (100M–300M),94904.449392712544,0.0072874493927125505,1244
7948655,POLARIS - Remix,POLARIS,"Feid, Mora, Saiko, Quevedo",4,Colaboração (3+),Reggaeton,Colombia,2023,6,8,2020 em diante,773,33,57312735,1,17.864033408299704,Baixo (até 100M),74143.253557567921,0.042690815006468305,806
8760891,El Cielo,El Cielo,"Feid, Myke Towers, Sky Rompiendo",3,Colaboração (3+),Reggaeton,Colombia,2023,6,2,2020 em diante,1298,38,107753850,1,18.495360017168267,Médio (100M–300M),83015.292758089374,0.029275808936825885,1336
6456333,Classy 101,Classy 101,"Feid, Young Miko",2,Dupla,Reggaeton,Colombia,2023,3,31,2020 em diante,2610,40,335222234,1,19.630304254921356,Alto (300M–700M),128437.63754789272,0.01532567049808429,2650
2013796,Cupid - Twin Ver.,Cupid,Fifty Fifty,1,Solo,K-pop,South Korea,2023,2,24,2020 em diante,2942,77,496795686,1,20.023689404970963,Alto (300M–700M),168863.25152957172,0.026172671651937457,3019
8571641,Cupid,Cupid,Fifty Fifty,1,Solo,K-pop,South Korea,2023,2,24,2020 em diante,526,10,139681964,1,18.754878710666912,Médio (100M–300M),265555.06463878328,0.019011406844106463,536
7510507,SABOR FRESA,SABOR FRESA,Fuerza Regida,1,Solo,Regional Mexican,United States,2023,6,22,2020 em diante,250,26,78300654,1,18.176066513416572,Baixo (até 100M),313202.616,0.104,276
7070604,TQM,TQM,Fuerza Regida,1,Solo,Regional Mexican,United States,2023,5,19,2020 em diante,584,28,176553476,1,18.989134368618373,Médio (100M–300M),302317.59589041094,0.047945205479452052,612
5402623,Dijeron Que No La Iba Lograr,Dijeron Que No La Iba Lograr,"Fuerza Regida, Chino Pacas",2,Dupla,Regional Mexican,United States,2023,3,14,2020 em diante,320,6,116334601,1,18.571981088287359,Médio (100M–300M),363545.628125,0.01875,326
4866757,"All The Way Live (Spider-Man: Across the Spider-Verse) (Metro Boomin & Future, Lil Uzi Vert)",All The Way Live,"Future, Lil Uzi Vert, Metro Boomin",3,Colaboração (3+),Trap,United States,2023,6,2,2020 em diante,259,0,37126685,1,17.429846541262556,Baixo (até 100M),143346.27413127414,0.0,259
6452995,LADY GAGA,LADY GAGA,"Gabito Ballesteros, Junior H, Peso Pluma",3,Colaboração (3+),Corridos tumbados,Mexico,2023,6,22,2020 em diante,332,26,86444842,1,18.275017103767592,Baixo (até 100M),260376.03012048194,0.0783132530120482,358
8246992,Tormenta (feat. Bad Bunny),Tormenta,"Gorillaz, Bad Bunny",2,Dupla,Alternative,United Kingdom,2023,2,24,2020 em diante,1529,0,149778242,1,18.824666371502033,Médio (100M–300M),97958.3008502289,0.0,1529
7230461,Di Que Si,Di Que Si,"Grupo Marca Registrada, Grupo Frontera",2,Dupla,Regional Mexican,Mexico,2023,2,3,2020 em diante,356,10,147290338,1,18.807916285255679,Médio (100M–300M),413736.90449438203,0.028089887640449437,366
5563881,fukumean,fukumean,Gunna,1,Solo,Trap,United States,2023,5,15,2020 em diante,1096,83,95217315,1,18.371672363475486,Baixo (até 100M),86877.112226277372,0.075729927007299275,1179
1193878,Lilith (feat. SUGA of BTS) (Diablo IV Anthem),Lilith,"Halsey, Suga",2,Dupla,Pop,United States,2023,6,5,2020 em diante,215,6,51985779,1,17.766480758373785,Baixo (até 100M),241794.32093023256,0.027906976744186046,221
6619922,People Pt.2 (feat. IU),People Pt.2,"IU, Agust D",2,Dupla,K-pop,South Korea,2023,4,7,2020 em diante,209,4,95816024,1,18.377940494089536,Baixo (até 100M),458449.8755980861,0.019138755980861243,213
7517093,I AM,I AM,IVE,1,Solo,K-pop,South Korea,2023,4,10,2020 em diante,366,15,123132751,1,18.628773607759378,Médio (100M–300M),336428.28142076504,0.040983606557377046,381
2098417,Seu Brilho Sumiu - Ao Vivo,Seu Brilho Sumiu,"Israel & Rodolffo, Mari Fernandez",2,Dupla,Sertanejo,Brazil,2023,3,1,2020 em diante,967,5,138517666,1,18.74650842780413,Médio (100M–300M),143244.74250258532,0.005170630816959669,972
7083603,All My Life (feat. J. Cole),All My Life,"J. Cole, Lil Durk",2,Dupla,Heavy metal,United States,2023,5,12,2020 em diante,2175,23,144565150,1,18.789240828959556,Médio (100M–300M),66466.7356321839,0.010574712643678161,2198
4837745,FLOWER,FLOWER,JISOO,1,Solo,K-pop,South Korea,2023,3,31,2020 em diante,839,18,232896922,1,19.266106518794718,Médio (100M–300M),277588.70321811683,0.021454112038140644,857
6987709,Peaches (from The Super Mario Bros. Movie),Peaches,Jack Black,1,Solo,Rock,United States,2023,4,7,2020 em diante,34,0,68216992,1,18.038204241341212,Baixo (até 100M),2006382.1176470588,0.0,34
8346639,Hummingbird (Metro Boomin & James Blake),Hummingbird,"James Blake, Metro Boomin",2,Dupla,Hip-hop,United States,2023,6,2,2020 em diante,277,1,39666245,1,17.496011132099092,Baixo (até 100M),143199.440433213,0.0036101083032490976,278
8091023,Like Crazy,Like Crazy,Jimin,1,Solo,K-pop,South Korea,2023,3,24,2020 em diante,596,68,363369738,1,19.710931435830311,Alto (300M–700M),609680.76845637581,0.11409395973154363,664
8513259,Set Me Free Pt.2,Set Me Free Pt.2,Jimin,1,Solo,K-pop,South Korea,2023,3,17,2020 em diante,340,13,168448603,1,18.942141234520353,Médio (100M–300M),495437.06764705881,0.038235294117647062,353
7881394,Like Crazy (English Version),Like Crazy,Jimin,1,Solo,K-pop,South Korea,2023,3,24,2020 em diante,373,19,173627354,1,18.972421916902238,Médio (100M–300M),465488.88471849868,0.050938337801608578,392
3595953,El Azul,El Azul,"Junior H, Peso Pluma",2,Dupla,Corridos tumbados,Mexico,2023,2,10,2020 em diante,692,25,354495408,1,19.686205950396989,Alto (300M–700M),512276.60115606937,0.036127167630057806,717
1717593,LUNA,LUNA,"Junior H, Peso Pluma",2,Dupla,Corridos tumbados,Mexico,2023,6,22,2020 em diante,201,11,55842345,1,17.8380430105223,Baixo (até 100M),277822.61194029852,0.054726368159203981,212
2770990,Moonlight,Moonlight,Kali Uchis,1,Solo,R&B,United States,2023,2,24,2020 em diante,2649,42,256483385,1,19.362574444648594,Médio (100M–300M),96822.719894299735,0.015855039637599093,2691
2969049,Area Codes,Area Codes,"Kaliii, Kaliii",2,Dupla,Heavy metal,United States,2023,3,17,2020 em diante,1197,13,113509496,1,18.547397056584231,Médio (100M–300M),94828.317460317456,0.01086048454469507,1210
1214913,I Know - PR1SVX Edit,I Know,"Kanii, PR1ISVX",2,Dupla,Hip-hop,United States,2023,3,24,2020 em diante,407,0,77377503,1,18.164206637395736,Baixo (até 100M),190116.71498771498,0.0,407
1397395,MIENTRAS ME CURO DEL CORA,MIENTRAS ME CURO DEL CORA,Karol G,1,Solo,Latin pop,Colombia,2023,2,24,2020 em diante,1020,35,206399629,1,19.145324794089447,Médio (100M–300M),202352.5774509804,0.034313725490196081,1055
4945945,AMARGURA,AMARGURA,Karol G,1,Solo,Reggaeton,Colombia,2023,2,24,2020 em diante,1133,39,153372011,1,18.848376972622894,Médio (100M–300M),135368.05913503972,0.03442188879082083,1172
7624098,S91,S91,Karol G,1,Solo,Reggaeton,Colombia,2023,7,14,2020 em diante,525,41,16011326,1,16.588806904778721,Baixo (até 100M),30497.763809523811,0.078095238095238093,566
6778924,X SI VOLVEMOS,X SI VOLVEMOS,"Karol G, Romeo Santos",2,Dupla,Reggaeton,Colombia,2023,2,2,2020 em diante,2127,33,266624541,1,19.401352013235318,Médio (100M–300M),125352.39351198872,0.015514809590973202,2160
3464535,TQG,TQG,"Karol G, Shakira",2,Dupla,Reggaeton,Colombia,2023,2,23,2020 em diante,4284,49,618990393,1,20.243600310334571,Alto (300M–700M),144488.88725490196,0.011437908496732025,4333
8666108,"Angel Pt 1 (feat. Jimin of BTS, JVKE & Muni Long)",Angel Pt 1,"Kodak Black, NLE Choppa, Muni Long, JVKE, Jimin",5,Colaboração (3+),Hip-hop,United States,2023,5,1,2020 em diante,577,14,133753727,1,18.711510808772719,Médio (100M–300M),231808.88561525129,0.024263431542461005,591
3475077,Never Felt So Alone,Never Felt So Alone,Labrinth,1,Solo,Alternative,United Kingdom,2023,4,7,2020 em diante,1730,3,117747907,1,18.584056515755904,Médio (100M–300M),68062.3739884393,0.0017341040462427746,1733
5243367,Say Yes To Heaven,Say Yes To Heaven,Lana Del Rey,1,Solo,Dream pop,United States,2023,3,17,2020 em diante,2000,46,127567540,1,18.664156507797934,Médio (100M–300M),63783.77,0.023,2046
1166211,Snow On The Beach (feat. More Lana Del Rey),Snow On The Beach,"Lana Del Rey, Taylor Swift",2,Dupla,Dream pop,United States,2023,5,26,2020 em diante,359,2,60350538,1,17.915680420132535,Baixo (até 100M),168107.34818941503,0.0055710306406685237,361
4082370,Seven (feat. Latto) (Explicit Ver.),Seven,"Latto, Jung Kook",2,Dupla,Pop,South Korea,2023,7,14,2020 em diante,553,147,141381703,1,18.766973904185534,Médio (100M–300M),255663.1157323689,0.26582278481012656,700
4053069,Stand By Me (feat. Morgan Wallen),Stand By Me,"Lil Durk, Morgan Wallen",2,Dupla,Hip-hop,United States,2023,5,26,2020 em diante,381,5,46065667,1,17.645578479960122,Baixo (até 100M),120907.2624671916,0.013123359580052493,386
5667205,Tattoo,Tattoo,Loreen,1,Solo,Pop,Sweden,2023,2,25,2020 em diante,2988,59,201660859,1,19.122097928565218,Médio (100M–300M),67490.247322623822,0.019745649263721552,3047
8499304,Fast Car,Fast Car,Luke Combs,1,Solo,Country,United States,2023,3,24,2020 em diante,1446,12,157058870,1,18.87213126118246,Médio (100M–300M),108616.09266943292,0.0082987551867219917,1458
4832204,If We Ever Broke Up,If We Ever Broke Up,Mae Stephens,1,Solo,Pop,United Kingdom,2023,2,10,2020 em diante,2040,4,165584767,1,18.924993808969422,Médio (100M–300M),81169.003431372548,0.00196078431372549,2044
1824533,Sial,Sial,Mahalini,1,Solo,Pop,Indonesia,2023,1,23,2020 em diante,134,4,166570053,1,18.930926517637786,Médio (100M–300M),1243060.0970149254,0.029850746268656716,138
2484929,Mas Rica Que Ayer,Mas Rica Que Ayer,"Mambo Kingz, DJ Luian, Anuel Aa",3,Colaboração (3+),Reggaeton,Puerto Rico,2023,3,2,2020 em diante,1208,34,146409671,1,18.801919216052873,Médio (100M–300M),121200.05877483444,0.028145695364238412,1242
6675451,Mejor Que Yo,Mejor Que Yo,"Mambo Kingz, DJ Luian, Anuel Aa",3,Colaboração (3+),Latin trap,Puerto Rico,2023,5,4,2020 em diante,675,1,50847624,1,17.744343953703449,Baixo (até 100M),75329.813333333339,0.0014814814814814814,676
7412049,El Merengue,El Merengue,"Marshmello, Manuel Turizo",2,Dupla,Merengue,United States,2023,3,3,2020 em diante,2114,44,223633238,1,19.225517937571876,Médio (100M–300M),105786.77294228949,0.020813623462630087,2158
1589586,"Gol Bolinha, Gol Quadrado 2","Gol Bolinha, Gol Quadrado 2","Mc Pedrinho, DJ 900",2,Dupla,Brazilian funk,Brazil,2023,6,1,2020 em diante,293,8,11956641,1,16.296797414197403,Baixo (até 100M),40807.648464163824,0.027303754266211604,301
5763974,VOID,VOID,Melanie Martinez,1,Solo,Alternative pop,United States,2023,3,29,2020 em diante,596,0,67070410,1,18.021253521073486,Baixo (até 100M),112534.24496644296,0.0,596
8125634,Self Love (Spider-Man: Across the Spider-Verse) (Metro Boomin & Coi Leray),Self Love,"Metro Boomin, Coi Leray",2,Dupla,Heavy metal,United States,2023,6,2,2020 em diante,332,5,70106975,1,18.065532847768218,Baixo (até 100M),211165.5873493976,0.015060240963855422,337
7662572,Flowers,Flowers,Miley Cyrus,1,Solo,Pop,United States,2023,1,12,2020 em diante,12211,115,1316855716,1,20.998512698656608,Hit (700M+),107841.75874211776,0.0094177381049873072,12326
3252628,Last Night,Last Night,Morgan Wallen,1,Solo,Country,United States,2023,1,31,2020 em diante,2420,19,429829812,1,19.878899902261402,Alto (300M–700M),177615.62479338844,0.0078512396694214882,2439
3546129,Everything I Love,Everything I Love,Morgan Wallen,1,Solo,Country,United States,2023,1,31,2020 em diante,579,0,95623148,1,18.375925482603165,Baixo (até 100M),165152.24179620034,0.0,579
3746522,Born With A Beer In My Hand,Born With A Beer In My Hand,Morgan Wallen,1,Solo,Country,United States,2023,3,3,2020 em diante,203,0,34450974,1,17.355047827883489,Baixo (até 100M),169709.23152709359,0.0,203
2841488,I Wrote The Book,I Wrote The Book,Morgan Wallen,1,Solo,Country,United States,2023,1,31,2020 em diante,430,0,83021468,1,18.23460978291898,Baixo (até 100M),193073.18139534883,0.0,430
3970396,Man Made A Bar (feat. Eric Church),Man Made A Bar,"Morgan Wallen, Eric Church",2,Dupla,Country,United States,2023,3,3,2020 em diante,329,0,58890931,1,17.891197663931468,Baixo (até 100M),178999.79027355622,0.0,329
6247887,LALA,LALA,Myke Towers,1,Solo,Reggaeton,Puerto Rico,2023,3,23,2020 em diante,1474,48,133716286,1,18.711230844676372,Médio (100M–300M),90716.6119402985,0.032564450474898234,1522
3143453,HAPPY,HAPPY,NF,1,Solo,Heavy metal,United States,2023,3,25,2020 em diante,660,0,52722996,1,17.780562275071919,Baixo (até 100M),79883.327272727271,0.0,660
8209238,Mi Bello Angel,Mi Bello Angel,Natanael Cano,1,Solo,Corridos tumbados,Mexico,2023,6,30,2020 em diante,86,8,31873544,1,17.2772868819682,Baixo (até 100M),370622.60465116281,0.093023255813953487,94
7143216,PRC,PRC,"Natanael Cano, Peso Pluma",2,Dupla,Corridos tumbados,Mexico,2023,1,23,2020 em diante,961,26,436027885,1,19.8932167556902,Alto (300M–700M),453723.08532778354,0.027055150884495317,987
7016313,Super Shy,Super Shy,NewJeans,1,Solo,K-pop,South Korea,2023,7,7,2020 em diante,422,55,58255150,1,17.880343058519138,Baixo (até 100M),138045.37914691944,0.13033175355450238,477
2437608,OMG,OMG,NewJeans,1,Solo,K-pop,South Korea,2023,1,2,2020 em diante,1783,27,430977451,1,19.881566328833966,Alto (300M–700M),241714.77902411667,0.015143017386427369,1810
4928987,New Jeans,New Jeans,NewJeans,1,Solo,K-pop,South Korea,2023,7,7,2020 em diante,77,35,29562220,1,17.2020077527128,Baixo (até 100M),383924.93506493507,0.45454545454545453,112
4538543,Heaven,Heaven,Niall Horan,1,Solo,Pop,Ireland,2023,2,17,2020 em diante,1553,2,144584800,1,18.789376744598002,Médio (100M–300M),93100.321957501612,0.00128783000643915,1555
2853933,Red Ruby Da Sleeze,Red Ruby Da Sleeze,Nicki Minaj,1,Solo,Heavy metal,United States,2023,3,3,2020 em diante,1168,0,81419389,1,18.215123996712251,Baixo (até 100M),69708.380993150684,0.0,1168
5168392,Barbie World (with Aqua) [From Barbie The Album],Barbie World,"Nicki Minaj, Aqua, Ice Spice",3,Colaboração (3+),Rap,United States,2023,6,23,2020 em diante,1117,80,65156199,1,17.992298006663329,Baixo (até 100M),58331.422560429724,0.071620411817367946,1197
5442505,Princess Diana (with Nicki Minaj),Princess Diana,"Nicki Minaj, Ice Spice",2,Dupla,Heavy metal,United States,2023,4,14,2020 em diante,1444,4,104992946,1,18.469403724912674,Médio (100M–300M),72709.796398891966,0.0027700831024930748,1448
2012053,UNFORGIVEN (feat. Nile Rodgers),UNFORGIVEN,"Nile Rodgers, LE SSERAFIM",2,Dupla,K-pop,South Korea,2023,5,1,2020 em diante,327,13,92035115,1,18.337680746972815,Baixo (até 100M),281452.95107033639,0.039755351681957186,340
5554493,Danger (Spider) (Offset & JID),Danger,"Offset, JID",2,Dupla,Heavy metal,United States,2023,6,2,2020 em diante,214,0,24975653,1,17.033412028303232,Baixo (até 100M),116708.65887850468,0.0,214
6974739,vampire,vampire,Olivia Rodrigo,1,Solo,Pop,United States,2023,6,30,2020 em diante,1397,113,140003974,1,18.757181365884996,Médio (100M–300M),100217.5905511811,0.080887616320687181,1510
5836808,Fin de Semana,Fin de Semana,"Oscar Maydon, Junior H",2,Dupla,Corridos tumbados,Mexico,2023,1,13,2020 em diante,592,14,307370144,1,19.543563260083847,Alto (300M–700M),519206.32432432432,0.02364864864864865,606
2023447,TRUSTFALL,TRUSTFALL,P!nk,1,Solo,Pop,United States,2023,1,27,2020 em diante,2098,16,134255790,1,18.715257418914863,Médio (100M–300M),63992.27359389895,0.0076263107721639654,2114
3461847,(It Goes Like) Nanana - Edit,Nanana,Peggy Gou,1,Solo,House,South Korea,2023,6,15,2020 em diante,2259,59,57876440,1,17.873820951270645,Baixo (até 100M),25620.380699424524,0.026117751217352811,2318
6776344,Bye,Bye,Peso Pluma,1,Solo,Corridos tumbados,Mexico,2023,5,26,2020 em diante,324,14,95053634,1,18.369951858677073,Baixo (até 100M),293375.41358024691,0.043209876543209874,338
2869874,TULUM,TULUM,"Peso Pluma, Grupo Frontera",2,Dupla,Regional Mexican,Mexico,2023,6,28,2020 em diante,266,34,52294266,1,17.772397286313328,Baixo (até 100M),196594.98496240602,0.12781954887218044,300
5586506,La Bebe - Remix,La Bebe,"Peso Pluma, Yng Lvcas",2,Dupla,Reggaeton,Mexico,2023,3,17,2020 em diante,2953,44,553634067,1,20.132014497585381,Alto (300M–700M),187481.90551981036,0.014900101591601761,2997
1726395,Boy's a liar Pt. 2,Boy's a liar Pt. 2,"PinkPantheress, Ice Spice",2,Dupla,Jersey club,United Kingdom,2023,2,3,2020 em diante,5184,41,156338624,1,18.867534879387293,Médio (100M–300M),30157.913580246914,0.007908950617283951,5225
2619841,Chemical,Chemical,Post Malone,1,Solo,Pop rock,United States,2023,4,14,2020 em diante,2528,39,172825906,1,18.967795322078985,Médio (100M–300M),68364.678006329108,0.015427215189873418,2567
4487095,Overdrive,Overdrive,Post Malone,1,Solo,Pop,United States,2023,7,14,2020 em diante,410,36,14780425,1,16.508814228145337,Baixo (até 100M),36049.817073170729,0.087804878048780483,446
7366228,Columbia,Columbia,Quevedo,1,Solo,Reggaeton,Spain,2023,7,7,2020 em diante,714,43,58149378,1,17.878525740397105,Baixo (até 100M),81441.705882352937,0.060224089635854343,757
2395685,WANDA,WANDA,Quevedo,1,Solo,Reggaeton,Spain,2023,1,20,2020 em diante,888,22,175399345,1,18.982575903573835,Médio (100M–300M),197521.78490990991,0.024774774774774775,910
4916659,Mami Chula,Mami Chula,"Quevedo, Jhayco",2,Dupla,Reggaeton,Spain,2023,4,27,2020 em diante,875,4,61105704,1,17.928115774939986,Baixo (até 100M),69835.090285714279,0.0045714285714285718,879
4603662,Don't ever say love me (feat. RM of BTS),Don't ever say love me,"RM, Colde",2,Dupla,K-R&B,South Korea,2023,5,4,2020 em diante,105,0,34502215,1,17.356534082839222,Baixo (até 100M),328592.52380952379,0.0,105
3670203,BABY HELLO,BABY HELLO,"Rauw Alejandro, Bizarrap",2,Dupla,Latin trap,Puerto Rico,2023,6,23,2020 em diante,1004,35,54266102,1,17.809410317405064,Baixo (até 100M),54049.902390438248,0.0348605577689243,1039
8262356,"Rauw Alejandro: Bzrp Music Sessions, Vol. 56","Rauw Alejandro: Bzrp Music Sessions, Vol. 56","Rauw Alejandro, Bizarrap",2,Dupla,Latin trap,Argentina,2023,6,21,2020 em diante,871,32,66902503,1,18.018746938449389,Baixo (até 100M),76811.140068886336,0.036739380022962113,903
4502825,Super,Super,SEVENTEEN,1,Solo,K-pop,South Korea,2023,4,24,2020 em diante,271,12,91221625,1,18.328802543165022,Baixo (até 100M),336611.1623616236,0.044280442804428041,283
6953068,"Tere Vaaste (From ""Zara Hatke Zara Bachke"")",Tere Vaaste,"Sachin-Jigar, Shadab Faridi, Altamash Faridi, Amitabh Bhattacharya, Varun Jain",5,Colaboração (3+),Bollywood,India,2023,5,22,2020 em diante,182,8,54225632,1,17.808664269749908,Baixo (até 100M),297943.032967033,0.043956043956043959,190
2296238,I'm Not Here To Make Friends,I'm Not Here To Make Friends,"Sam Smith, Calvin Harris, Jessie Reyez",3,Colaboração (3+),Pop,United Kingdom,2023,1,27,2020 em diante,1890,0,103787664,1,18.457857677702926,Médio (100M–300M),54914.107936507935,0.0,1890
4669801,"Shakira: Bzrp Music Sessions, Vol. 53","Shakira: Bzrp Music Sessions, Vol. 53","Shakira, Bizarrap",2,Dupla,Latin pop,Argentina,2023,1,11,2020 em diante,5724,44,721975598,1,20.397501898502007,Hit (700M+),126131.30642907058,0.0076869322152341019,5768
6293464,Cheques,Cheques,Shubh,1,Solo,Punjabi hip-hop,Canada,2023,5,19,2020 em diante,67,8,47956378,1,17.68580236400399,Baixo (até 100M),715766.8358208955,0.11940298507462686,75
6845168,Erro Gostoso - Ao Vivo,Erro Gostoso,Simone Mendes,1,Solo,Sertanejo,Brazil,2023,1,27,2020 em diante,984,5,153454328,1,18.84891354325919,Médio (100M–300M),155949.52032520325,0.00508130081300813,989
4214662,QUEMA,QUEMA,"Sog, Ryan Castro, Peso Pluma",3,Colaboração (3+),Reggaeton,Colombia,2023,7,13,2020 em diante,437,31,11599388,1,16.26646289606412,Baixo (até 100M),26543.221967963385,0.070938215102974822,468
1274739,S-Class,S,Stray Kids,1,Solo,K-pop,South Korea,2023,6,2,2020 em diante,290,19,65496046,1,17.997500332371143,Baixo (até 100M),225848.43448275863,0.065517241379310351,309
4497491,"Calling (Spider-Man: Across the Spider-Verse) (Metro Boomin & Swae Lee, NAV, feat. A Boogie Wit da Hoodie)",Calling,"Swae Lee, A Boogie Wit da Hoodie, Metro Boomin, NAV",4,Colaboração (3+),Hip-hop,United States,2023,6,2,2020 em diante,1051,16,109276132,1,18.509388557845536,Médio (100M–300M),103973.48430066604,0.015223596574690771,1067
6470158,"Annihilate (Spider-Man: Across the Spider-Verse) (Metro Boomin & Swae Lee, Lil Wayne, Offset)",Annihilate,"Swae Lee, Lil Wayne, Offset, Metro Boomin",4,Colaboração (3+),Heavy metal,United States,2023,6,2,2020 em diante,551,4,86773632,1,18.278813354678608,Baixo (até 100M),157483.90562613431,0.0072595281306715061,555
7349725,VIBE (feat. Jimin of BTS),VIBE,"TAEYANG, Jimin",2,Dupla,K-pop,South Korea,2023,1,13,2020 em diante,415,2,152850295,1,18.844969536295984,Médio (100M–300M),368313.96385542169,0.0048192771084337354,417
3546474,Shoong! (feat. LISA of BLACKPINK),Shoong!,"TAEYANG, Lisa",2,Dupla,K-pop,South Korea,2023,4,25,2020 em diante,351,9,76910644,1,18.158154838421662,Baixo (até 100M),219118.64387464387,0.02564102564102564,360
8537557,Sugar Rush Ride,Sugar Rush Ride,TOMORROW X TOGETHER,1,Solo,K-pop,South Korea,2023,1,27,2020 em diante,359,0,107642809,1,18.494328979729225,Médio (100M–300M),299840.69359331479,0.0,359
4576591,MOJABI GHOST,MOJABI GHOST,"Tainy, Bad Bunny",2,Dupla,Reggaeton,Puerto Rico,2023,6,29,2020 em diante,859,40,61245289,1,17.930397490145342,Baixo (até 100M),71298.35739231664,0.046565774155995346,899
1696728,Rara Vez,Rara Vez,"Taiu, Milo j",2,Dupla,Latin trap,Argentina,2023,2,8,2020 em diante,893,38,248088961,1,19.329297953516551,Médio (100M–300M),277815.18589025753,0.0425531914893617,931
2101565,Hits Different,Hits Different,Taylor Swift,1,Solo,Pop,United States,2023,5,26,2020 em diante,547,0,68616963,1,18.044050336181403,Baixo (até 100M),125442.34552102376,0.0,547
6801500,Enchanted (Taylor's Version),Enchanted,Taylor Swift,1,Solo,Pop,United States,2023,7,7,2020 em diante,148,24,39578178,1,17.493788463728951,Baixo (até 100M),267420.1216216216,0.16216216216216217,172
8943060,Mine (Taylor's Version),Mine,Taylor Swift,1,Solo,Country pop,United States,2023,7,7,2020 em diante,99,15,36912123,1,17.424050591639794,Baixo (até 100M),372849.72727272729,0.15151515151515152,114
6063105,Back To December (Taylor's Version),Back To December,Taylor Swift,1,Solo,Country pop,United States,2023,7,7,2020 em diante,139,17,39228929,1,17.484925017277764,Baixo (até 100M),282222.51079136692,0.1223021582733813,156
3054476,Better Than Revenge (Taylor's Version),Better Than Revenge,Taylor Swift,1,Solo,Pop rock,United States,2023,7,7,2020 em diante,86,11,30343206,1,17.228083195385793,Baixo (até 100M),352827.97674418607,0.12790697674418605,97
1452364,Karma (feat. Ice Spice),Karma,"Taylor Swift, Ice Spice",2,Dupla,Pop,United States,2023,5,26,2020 em diante,588,0,46142772,1,17.647250886928678,Baixo (até 100M),78474.102040816331,0.0,588
5911914,Love Again,Love Again,The Kid Laroi,1,Solo,Pop,Australia,2023,1,27,2020 em diante,1283,0,147538971,1,18.809602909016281,Médio (100M–300M),114995.30085736555,0.0,1283
2264316,Double Fantasy (with Future),Double Fantasy,"The Weeknd, Future",2,Dupla,R&B,Canada,2023,4,21,2020 em diante,1169,0,96180277,1,18.381734873826279,Baixo (até 100M),82275.686056458508,0.0,1169
5420196,Popular (with Playboi Carti & Madonna) - The Idol Vol. 1 (Music from the HBO Original Series),Popular,"The Weeknd, Madonna, Playboi Carti",3,Colaboração (3+),Pop,Canada,2023,6,2,2020 em diante,1945,87,115364561,1,18.563607767820592,Médio (100M–300M),59313.398971722367,0.044730077120822623,2032
1743307,Cupido,Cupido,Tini,1,Solo,Latin pop,Argentina,2023,2,14,2020 em diante,1240,24,217672943,1,19.198504232766382,Médio (100M–300M),175542.69596774192,0.01935483870967742,1264
2808274,Rush,Rush,Troye Sivan,1,Solo,Dance-pop,Australia,2023,7,13,2020 em diante,864,78,22581161,1,16.932626532547321,Baixo (até 100M),26135.603009259259,0.090277777777777776,942
1111875,DOGTOOTH,DOGTOOTH,"Tyler, The Creator",2,Dupla,Heavy metal,United States,2023,3,27,2020 em diante,1479,0,80758350,1,18.206971920293807,Baixo (até 100M),54603.346855983771,0.0,1479
6083108,SORRY NOT SORRY,SORRY NOT SORRY,"Tyler, The Creator",2,Dupla,Heavy metal,United States,2023,3,31,2020 em diante,709,0,58473276,1,17.884080387314985,Baixo (até 100M),82472.885754583927,0.0,709
6436155,"Link Up (Metro Boomin & Don Toliver, Wizkid feat. BEAM & Toian) - Spider-Verse Remix (Spider-Man: Across the Spider-Verse )",Link Up,"WizKid, Toian, Metro Boomin, Don Toliver, Beam",5,Colaboração (3+),Hip-hop,United States,2023,6,2,2020 em diante,197,0,32761689,1,17.304770372396696,Baixo (até 100M),166302.98984771574,0.0,197
3986213,on the street (with J. Cole),on the street,"j-hope, J. Cole",2,Dupla,Heavy metal,South Korea,2023,3,3,2020 em diante,615,2,116599790,1,18.574258030849883,Médio (100M–300M),189593.15447154472,0.0032520325203252032,617
2313207,Watch This - ARIZONATEARS Pluggnb Remix,Watch This,"sped up nightcore, ARIZONATEARS, Lil Uzi Vert",3,Colaboração (3+),Hip-hop,United States,2023,2,5,2020 em diante,1638,10,207033255,1,19.148389990500377,Médio (100M–300M),126393.92857142857,0.006105006105006105,1648